prcp,temp,sm,runoff,ssi3,drought_condition
4.07697424892176,-3.608434284163991,0.299044964582569,0.361719588857359,-2.68315070345495,1.0
6.50147764652901,1.9668962402120087,0.354012504163559,3.29897799656399,-0.783561915094783,1.0
4.41767806207026,10.448082513038003,0.300196421717253,6.52525452716324,1.00471703181658,0.0
2.80593106720952,15.764616627839018,0.240460221275449,2.55229818628677,1.43978673424806,0.0
2.38205881482443,20.011323065265003,0.215290996634471,1.08337102560573,1.6762490953037,0.0
1.38862614752949,19.133045486316007,0.164859500311328,0.514869398307676,1.08591011717542,0.0
5.0543468038124,13.957117294827015,0.265617815036279,0.387343876041654,0.511360663635468,0.0
0.638963043514188,6.851423750054039,0.233760834310013,0.26101018108653,-0.0190335127489458,1.0
4.21692665701643,0.5424971040500282,0.297311963440468,0.305107791589734,-0.388152664829938,1.0
2.67056726265894,-5.739938570894992,0.291787295370013,0.387343876041654,-0.748018476954811,1.0
2.00866120142431,-10.711071178428995,0.269607206927155,0.543473253769213,-0.939483362636121,1.0
1.65361800220054,-6.978900909644949,0.273875739941591,0.654313193682671,-1.11399311223516,1.0
3.29977952364194,-4.330822687266959,0.271456516870739,0.640607179607351,-1.35347868042545,1.0
0.743927349585189,3.330162366238028,0.308303145180637,1.62863202034129,-1.40144425716034,1.0
2.30003752647387,10.346194162812026,0.245031157173741,2.66254221254478,-0.883905482033924,1.0
2.55585217405675,16.53489255554905,0.235621775133745,1.30087950984451,-0.538720398682107,1.0
2.82657978315791,19.82384850084901,0.227898870715257,0.732377882546448,-0.164928041340814,1.0
2.9412948717601,17.290904114227033,0.194669446131488,0.448127068897422,-0.175736181531261,1.0
2.32699557229538,14.192479383849047,0.215279365754323,0.328348424152233,-0.09541111043171,1.0
2.71243826999874,7.875401669826999,0.266083050242212,0.255646958187489,-0.231112436332866,1.0
2.28283026318354,3.123329015279012,0.283587524865443,0.26101018108653,-0.530555681447238,1.0
3.13172191883973,-6.604970664314976,0.286937218348161,0.339670783605757,-0.847770481439563,1.0
1.94384717636407,-11.453837251577966,0.281505597318893,0.430845572889409,-1.11668546091931,1.0
3.03249336719884,-10.058985736981981,0.251172261892058,0.446339327931075,-1.43143019837872,1.0
5.07327479343177,-0.6118979040119825,0.294555444845315,0.638819438641004,-1.66348140469728,1.0
2.52545267557717,2.7218889153880355,0.337578070513974,2.59222440120184,-0.903369625470785,1.0
3.35885779427206,12.101730437208005,0.295509177017478,6.29404002884915,0.810087493543714,0.0
7.11233549333566,16.59500668218203,0.281587013479931,2.98493150014253,1.32191852383488,0.0
3.46382210034307,18.843682571674037,0.254266076011512,2.45099286486049,2.07823301983793,0.0
1.10413272779606,18.759115240986034,0.1862486889041,1.167394851024,2.43934627721892,0.0
3.89285653171525,15.260269294219029,0.20299715631769,0.781838715948693,2.64051349886061,0.0
2.6109154165858,9.355839398613,0.266362191365772,0.446339327931075,1.46198467154487,0.0
3.44087908262263,2.041274735877039,0.300859381885708,0.43978427772114,0.346140971198319,0.0
4.16186341448738,-8.527603833082992,0.2943111963622,1.53149809450315,0.260512803791781,0.0
1.31807636803914,-11.132888948365974,0.295892996062372,1.13402368631887,0.121375899615875,0.0
2.51226044038792,-5.756240706930953,0.309175461191761,1.13879099556246,0.130005689058636,0.0
3.40933243325703,-3.4209597197469748,0.316026049599125,1.40099300395989,-0.0822781064988778,1.0
2.69695173303744,1.7488551707280067,0.328075641432791,2.18938677011852,-0.315037499538233,1.0
3.17015147352147,10.638613727961001,0.285053015764132,4.31620260641492,0.292760430648618,0.0
3.68694294767432,17.159468142435003,0.246298923109909,1.99154343650955,0.436683070305899,0.0
3.64851339299259,19.777998743246997,0.227468528149769,0.978490222246761,0.822148634230835,0.0
2.87074509226976,17.492643047675017,0.260383918969532,0.570289368264403,0.671974779649741,0.0
1.76603878903069,13.545488359913008,0.235168170807961,0.408200853982358,0.477870426509791,0.0
6.87430168448612,8.690508471636008,0.28889120621308,0.650141798094528,0.62492133394568,0.0
4.64825539016066,1.4564356055790313,0.302034100780689,1.41529493169066,0.952301623959883,0.0
0.529983709342107,-9.158292720982956,0.266257513444437,1.66319501235732,0.843763316209142,0.0
1.65189727587151,-7.640156302612979,0.246438493671689,1.19003956993105,0.565397313610536,0.0
2.90688034517944,-8.000841062412974,0.255754828670498,0.862287059434266,0.0917841737855632,0.0
3.31297175883119,-3.7082848673849753,0.280633281307768,0.715096386538439,-0.635394904151174,1.0
2.37460233406529,1.3637172068730479,0.323388396733016,1.41887041362335,-1.3497383572564,1.0
1.19418407234878,12.298374953145014,0.255266331704268,5.12306969589246,0.0653745840180255,0.0
4.18480643220782,16.418739836291024,0.215197949593284,1.86520974155443,0.410146435953206,0.0
3.03650839529992,19.85950942342805,0.209754697683868,0.845005563426253,0.999545580454657,0.0
2.48358166823737,20.560501272984027,0.204986036823054,0.488053283812483,0.419174330556522,0.0
5.59809632378678,14.774261863641016,0.261558637864513,0.697814890530425,0.56374374712361,0.0
2.59026670063741,7.5738121531580305,0.2880537828424,0.467196305871779,0.655149548068787,0.0
4.74174818737144,1.9220653661120082,0.294974156530655,0.864074800400613,0.637206453871406,0.0
2.6476242449385,-8.156730238259001,0.295660378459406,1.67749694008808,0.544122733363001,0.0
4.21119090258632,-11.083982540256955,0.283017611738175,2.69233789531722,0.876507665214819,0.0
2.89540883631922,-6.7333499856,0.251149000131761,1.62863202034129,0.92998750444304,0.0
2.7158797226568,0.36521137465700804,0.305418686903852,1.43793965059771,0.908566731980792,0.0
4.67291913421013,6.600778408498002,0.299277582185535,5.84412521898538,1.40262747487348,0.0
6.42002993362145,8.578431286388025,0.308652071585086,3.90978949339891,1.28581733824672,0.0
3.0095503494784,14.816036087233044,0.278714186083294,2.97956827724349,1.52120143922393,0.0
3.77068496235392,18.88341902826204,0.264978116628121,1.44985792370668,1.15660773792744,0.0
2.28110953685451,18.60424494864202,0.207440152534351,0.80090795292305,1.73114361668352,0.0
3.72135747425498,15.324458954861996,0.261011986497542,0.621537942632991,1.42304628184521,0.0
5.243053124563,7.4240362783250475,0.295439391736588,0.848581045358947,1.33914058578458,0.0
4.75608757344671,1.6327024514700383,0.303255343196263,1.31220186929803,1.15017811365026,0.0
3.74430049197542,-7.897933828684984,0.284099283591969,2.26983511360409,1.10186912781437,0.0
3.47701433553232,-9.850114619017972,0.287355930033501,2.26983511360409,1.05658383624358,0.0
3.06059856390638,-9.134858400430971,0.27221252408038,1.78893279365699,1.03272903710324,0.0
1.68229677435109,1.4095669644750046,0.324097880422064,2.52369433082524,1.23415853243655,0.0
3.5441226623646,2.959288771415004,0.310792153532378,4.2095340620896,1.26904459325072,0.0
3.40646455604197,10.720124408141999,0.286634815464305,2.62857513418421,0.760651704925691,0.0
1.53374073461125,16.778405712589006,0.211766839949528,1.45343340563937,0.37577610825591,0.0
1.82913208776189,19.578297576804005,0.146354769995341,0.696027149564078,-0.128601311835284,1.0
5.10023283925328,17.295998531738007,0.253684532004096,0.417735472469538,-0.0989091497631499,1.0
2.91835185403966,15.568990995405045,0.224142096427347,0.295573173102553,-0.237852653971242,1.0
1.93581712016192,9.994679354531002,0.271956644717117,0.253859217221146,-0.3430276454045,1.0
3.0984545431451,2.918533431324022,0.295334713815253,0.348013574782039,-0.460197388768527,1.0
3.57452216084418,-6.347193138242972,0.299277582185535,0.63524395670831,-0.493451924687749,1.0
3.20055097200105,-8.187296743326954,0.279353884491452,0.879568555442276,-0.502857617309889,1.0
5.0543468038124,-6.085340078162005,0.295788318141037,1.91765014323391,-0.0343238617304693,1.0
3.7592134534937,-1.4779488809350028,0.290845194077999,2.06543672978519,0.517802818115451,0.0
1.74539007308229,2.0932377944920404,0.318689521153092,3.41816072765373,0.860125579316033,0.0
5.11342507444253,9.492369787916004,0.293845961156267,6.05567456666967,1.37910030143251,0.0
4.49396359599072,14.983132981604001,0.275120244117462,2.34015292494704,1.30837368409948,0.0
5.29868994253506,20.699069429292024,0.272991793050318,1.22817804387977,1.52973619429884,0.0
1.07201250298745,20.498349379345996,0.186958172593148,0.707349509017605,1.16583257862336,0.0
2.23522350141363,15.159399827495008,0.192040867217967,0.446339327931075,0.945903964471347,0.0
0.219105819230177,11.716592473353046,0.154066043533681,0.2973609140689,0.395726153475758,0.0
4.63850460762947,-0.10551280338796687,0.247403856724,0.277695763439091,-0.304631001108342,1.0
1.84806007738125,-8.908666262928989,0.276783459978672,0.233598152935888,-0.899776215498532,1.0
1.79643828751026,-11.625009679957998,0.250160375319153,0.217508484238776,-1.43477656587824,1.0
1.43795363562843,-10.823148363678001,0.266676225129777,0.240153203145826,-2.04171566797074,1.0
2.02013271028453,-3.295637048968956,0.298579729376636,0.461833082972742,-2.39608947695611,1.0
2.77495799328693,4.1615713040840205,0.299556723309095,1.81455708084129,-1.70906903555313,1.0
7.64059847634873,9.421047942758037,0.314804807183551,3.34724700265534,-0.574341959348972,1.0
2.45834434874489,14.943396525015999,0.253684532004096,3.42352395055277,0.462513077169319,0.0
1.80618907004145,20.15906117309305,0.182387236694856,1.32948336530605,1.08321326826134,0.0
2.46809513127607,19.849320588406044,0.174303774991769,0.56254249074357,1.77829471275771,0.0
0.646419524273328,14.59697613424703,0.150495363328145,0.2973609140689,0.741270319420663,0.0
2.7577507299966,7.6828326879000315,0.238866790695128,0.213337088650633,-0.162725817853234,1.0
4.76641193142091,4.287912858363995,0.301161784769564,0.230618584658646,-0.67929271648877,1.0
4.45381331497995,-4.238104288560976,0.294474028684277,0.490436938434279,-0.766998906587599,1.0
3.67375071248507,-6.488817945056951,0.322434664560853,2.17806441066499,0.0314856780650335,0.0
3.39900807528283,-5.842845804622982,0.285936962655405,1.72338229155763,0.369021854995385,0.0
2.49103814899651,-2.187091798508959,0.298091232410406,1.35451173883489,0.694622274295218,0.0
3.2923230428828,5.376080438779013,0.324004833380877,3.0421392110656,0.339705342959511,0.0
3.30723600440108,11.986596601453016,0.265047901909011,2.99625385959606,0.11402683402693,0.0
2.49103814899651,18.360731791602007,0.202310934388939,1.417082672657,0.117215405460459,0.0
1.84232432295114,20.72250374984401,0.183201398305239,0.684704790110555,0.0088777736923163,0.0
2.34018780748464,19.59154306233404,0.192331639221675,0.371850120999988,-0.182759605789526,1.0
4.02822033626583,13.475185398256997,0.251532819176656,0.253859217221146,-0.386365916707221,1.0
1.51423916954888,9.592220371138012,0.24413557940232,0.194267851676276,-0.617222364901268,1.0
3.96914206563571,-0.7423149923019992,0.300684918683483,0.230618584658646,-0.776347658716318,1.0
1.7775102978909,-5.054229973872964,0.313374208925307,0.392111185285243,-0.890516036408724,1.0
3.95594983044645,-7.097091395907,0.310338549206594,0.970743344725928,-0.67511553088949,1.0
2.6579486029127,-10.081401174031953,0.282784994135209,1.30147542349996,-0.416640125720478,1.0
3.76781708513886,-5.219289101238985,0.295183512373324,1.36404635732207,-0.103221982966231,1.0
3.58197864160332,2.724945565895041,0.323423289373461,3.74412549718417,0.463199566366349,0.0
0.77432684806477,11.940746843851002,0.202182994707307,4.24409705410563,0.757747585146022,0.0
3.62384964894312,17.088146297277035,0.220478369180624,1.34259346572592,0.674171104990221,0.0
2.11706696015338,19.442786071003013,0.188563234053617,0.59531774179325,0.435630635584101,0.0
4.86162545496073,17.72189183568304,0.227026554704132,0.350993143059284,-0.35483938139228,1.0
1.83658856852103,11.439456160738018,0.23878537453409,0.25147556259935,-0.565080777739039,1.0
2.27938881052548,7.996648806595999,0.236331258822793,0.200226988230762,-0.6515909313599,1.0
7.08595102295715,3.6307329994050406,0.301452556773272,0.497587902299663,-0.393414320320259,1.0
3.9427575952572,-4.3267471532579975,0.297637628084621,3.02902911064573,0.843067830123202,0.0
2.92752906112784,-7.01456183222399,0.308303145180637,2.5624287184294,1.12246433780619,0.0
4.68439064307035,-5.790882746007981,0.316433130404317,2.46827436086851,1.52206621818222,0.0
4.10852089828736,-1.788708349123965,0.306500358757646,2.15720743272429,1.45717074232383,0.0
5.44552525594586,5.7163875285349945,0.326203069728911,7.30351776117924,2.33211618646672,0.0
2.27709450875343,11.55458999649403,0.235854392736712,3.20065224341496,1.66862162238066,0.0
2.16696802369533,15.680049297151015,0.225433124123812,1.16322345543586,1.27347171063217,0.0
4.6975828782596,19.274670293130043,0.251079214850871,0.696027149564078,-0.0071969311796804,1.0
4.97806126989195,17.58841809688704,0.265280519511978,0.435016968477548,-0.349713250943444,1.0
2.05626796319422,13.987683799895024,0.257580876853785,0.309279187177873,-0.192790455475362,1.0
2.87074509226976,7.898835990379041,0.267990514586537,0.28782629558172,-0.231112436332871,1.0
5.40709570126413,-0.37042251397599557,0.303220450555818,1.04642437896791,0.325000509420948,0.0
4.36376197042723,-6.581536343762991,0.304790619375842,1.71086810479321,0.560312398547357,0.0
3.42481897021832,-7.317170232395995,0.297660889844918,1.87891575562974,0.688802769788029,0.0
4.50142007674986,-5.921299834296974,0.275946036607993,2.04457975184448,0.812357781862042,0.0
2.81338754796866,-1.698027717422974,0.265582922395834,1.39801343568265,0.723241348251812,0.0
2.83805129201813,4.558935869966035,0.339729783341414,3.79001084865372,0.795189421875896,0.0
3.96742133930667,9.85101678071203,0.295253297654214,6.79401158577061,1.49540532879138,0.0
4.02076385550669,17.429472270534006,0.235051862006477,2.69293380897266,1.64240970612906,0.0
1.57561174195105,21.912559680486027,0.151053645575265,0.997559459221121,1.76219188470612,0.0
2.31150903533409,19.072931359682002,0.188446925252134,0.465408564905432,1.08936702870863,0.0
3.18162298238168,14.21081928689,0.237982843803856,0.293785432136207,0.233866140273964,0.0
2.64934497126753,6.52232437882401,0.255196546423379,0.228830843692299,-0.306547018889755,1.0
1.84347147383716,1.6051925969090348,0.276620627656596,0.206186124785249,-0.698222634026403,1.0
4.64137248484453,-4.100555015755958,0.296939775275722,0.408200853982358,-0.86185639341103,1.0
2.80191603910844,-5.636012453663966,0.285529881850214,0.726418745991962,-0.856769897645243,1.0
2.65680145202667,-5.404725898650952,0.311629576903058,1.50468198000796,-0.430305051665694,1.0
8.13846196088223,-1.576780580653974,0.325005089073633,4.13146937322582,1.14991911930887,0.0
3.4236718193323,5.408684710852015,0.305186069300885,7.49182647630103,2.6598341932288,0.0
2.76578078619875,12.204637670937018,0.264024384455958,2.31750820603999,1.97942181234806,0.0
1.51251844321985,17.165581443449014,0.183038565983162,1.17514172854483,1.10704744041831,0.0
2.44687283988467,19.79531976278605,0.178560677126056,0.579823986751583,-0.455380202596761,1.0
2.7944595583493,17.74430727273301,0.19813544841569,0.32417702856409,-0.562094183430818,1.0
2.7944595583493,14.204705985876046,0.218105669630366,0.209761606717943,-0.706075642855717,1.0
2.91433682593858,8.344088080868005,0.244507767567067,0.171623132769225,-0.855027731934483,1.0
3.7173424461539,3.488089309089048,0.287960735801214,0.272928454195503,-0.815986058112065,1.0
3.29289661832581,-2.3653964114039923,0.307081902765062,0.640607179607351,-0.623903193933063,1.0
2.93441196644397,-10.990245258048958,0.293973900837899,0.686492531076898,-0.670686818099735,1.0
4.15325978284222,-4.454107591040952,0.296509432710234,0.766940874562475,-0.753367182992766,1.0
3.74430049197542,-2.6506837920379667,0.300987321567339,1.38073193967463,-0.59075286629201,1.0
3.5074138340119,3.6714883394960225,0.318945400516355,4.81617416333638,0.689628144167871,0.0
5.42831799265554,9.762373916016031,0.298858870500196,5.32746807971136,1.37513752121405,0.0
5.42086151189639,16.05092289197404,0.280679804828362,2.34789980246787,1.46618074550673,0.0
4.37351275295842,17.464114309611034,0.27284059160839,1.25499415837496,1.33254477247554,0.0
3.5074138340119,16.65817745932202,0.240809147679899,0.860499318467919,1.28293889876274,0.0
5.94338874047936,12.52558597414901,0.287972366681362,1.48978413862174,2.04758619797393,0.0
4.40792727953907,9.032853328396016,0.298126125050851,1.75079431970827,2.84653704560731,0.0
3.54584338869363,1.5807393928550368,0.295613854938813,2.195345906673,2.46014273827656,0.0
4.08844575778198,-5.795977163518955,0.290310173591176,2.34134475225794,1.67900576463552,0.0
1.09782339792294,-8.983044758593962,0.259057998632623,2.18581128818583,1.2908069621994,0.0
4.99928356128335,-6.6793491599799495,0.280819375390141,1.68405199029802,0.996598033204396,0.0
3.51888534287212,-3.6553029252679607,0.28896099149397,1.3753687167756,0.689916993811036,0.0
2.08265243357272,4.654710919178001,0.332762886132567,3.60944901105276,0.57064843695092,0.0
2.86673006416868,12.758910296167016,0.266525023687848,4.20595858015691,0.708262002340266,0.0
3.13745767326984,16.423834253802,0.263268377246317,1.6691541489118,0.716429359756765,0.0
2.21457478546524,21.22786996696601,0.179200375534214,0.791373334435869,0.610363937223919,0.0
4.74346891370047,19.53652335321101,0.252882001273862,0.473155442426265,0.211090183146603,0.0
0.766870367305626,13.457864378719023,0.16769743506752,0.32417702856409,0.0143695139575617,0.0
3.81657099779479,7.734795746515033,0.246671111274655,0.318813805665053,-0.0932344022510126,1.0
3.17359292617953,0.4752507929010221,0.304697572334655,0.482690060913445,-0.183596523705326,1.0
1.08348401184766,-10.168006271723982,0.26714146033571,0.626305251876583,-0.344931933989616,1.0
5.3789905045566,-4.869812059962953,0.289193609096936,1.88666263315058,0.0740929473689058,0.0
2.49849462975565,-6.826068384305984,0.25546405666679,2.13456271381724,0.466396743560375,0.0
3.55329986945277,-5.236610120777982,0.25317277327757,1.32292831509611,0.733074429794665,0.0
3.15581208744619,2.8431360521570355,0.327680191507748,1.61552191992142,-0.142268199740842,1.0
2.89139380821815,8.182085604008023,0.284390055595678,3.97295634087647,-0.0611992142135778,1.0
2.74455849480735,16.071300562020042,0.24962535483233,2.04875114743262,0.175004686813677,0.0
2.78872380391919,17.34592382334904,0.230248308505219,0.999347200187465,0.733028292474566,0.0
2.91433682593858,16.899652849358006,0.202415612310274,0.55896700881088,0.719409980500968,0.0
2.85697928163749,11.366096548575001,0.266455238406958,0.373637861966335,0.448300905026582,0.0
1.70351906574249,7.551396716108002,0.255033714101302,0.294977259447105,0.0792037045325069,0.0
2.13025919534263,1.3433395368280117,0.26922338788226,0.265777490330119,-0.412338554218399,1.0
2.61320971835784,-6.033377019545981,0.302569121267512,0.282463072682683,-0.861856393411029,1.0
1.64960297409946,-13.022917845060988,0.277248695184605,0.39389892625159,-1.20240453186987,1.0
1.43164430575531,-5.887676678722983,0.276434533574222,0.532150894315686,-1.4393925330565,1.0
1.82741136143285,-1.6165170372419766,0.306616667559129,0.861095232123368,-1.39999753487172,1.0
1.86182588801351,5.112189611694021,0.289333179658716,1.24367179892143,-1.61462337287375,1.0
3.10877890111929,11.82357524109102,0.260383918969532,1.15368883694868,-1.78382460320202,1.0
2.46637440494704,17.617965718453036,0.215907433282332,0.806867089477536,-1.65341488746954,1.0
3.84123474184427,18.390279413167036,0.230981053954563,0.522616275828509,-1.37034711203198,1.0
1.18443328981759,16.683649546878996,0.190284604315569,0.328348424152233,-1.02644377450869,1.0
1.14256228247779,14.952566476536049,0.183899251114138,0.222871707137813,-0.775658046333159,1.0
2.08838818800283,8.494882839202035,0.208533455268293,0.179370010290059,-0.800823188544102,1.0
4.31443448232829,3.155933287351047,0.296358231268305,0.234789980246786,-0.844669825760782,1.0
5.05090535115434,-2.945141124190968,0.311257388738311,0.709733163639398,-0.589472003278656,1.0
7.23852209079806,-5.536161870442982,0.296486170949937,2.09821198083486,0.094534438445137,0.0
2.59600245506752,-8.937195000992006,0.260430442490125,1.82885900857205,0.462383086837933,0.0
3.4236718193323,0.7421982704940433,0.281563751719634,1.34259346572592,0.700625455903956,0.0
4.31443448232829,4.704636210789033,0.339543689259041,5.76188913453346,1.41029658154947,0.0
2.37288160773626,9.517841875473039,0.276771829098524,6.76183224837638,1.96183510082817,0.0
2.08494673534477,13.990740450401006,0.215605030398476,1.72040272328039,1.85054408250317,0.0
4.11597737904651,18.575716210579003,0.237564132118516,0.805079348511189,1.4351939369458,0.0
2.66253720645679,18.093784314009042,0.23030646290596,0.468984046838126,0.259961367692608,0.0
2.77323726695789,13.887833216673016,0.231015946595008,0.293785432136207,-0.0139400507392119,1.0
3.91752027576472,6.455078067674037,0.269176864361667,0.282463072682683,-0.209110164875821,1.0
2.72563050518799,1.3178674492710343,0.289775153104353,0.27471619516185,-0.522408593642072,1.0
1.3685510070241,-11.164474336935996,0.276992815821342,0.428461918267613,-0.716602862760045,1.0
3.51142886211298,-8.964704855552952,0.278237319997213,0.833683203972729,-0.713915247925392,1.0
2.32527484596635,-10.259705786926986,0.267676480822533,0.982065704179455,-0.659030237854113,1.0
3.22177326339245,-3.372053311638979,0.271468147750887,0.924857993256378,-0.653540594226707,1.0
2.64532994316646,4.053569652844033,0.329657441132964,3.62017545685084,0.0742189593361431,0.0
1.21712709006921,13.088009667398012,0.222955746652218,3.41994846862008,0.312586731012802,0.0
6.53474502222364,14.420709288356022,0.280389032824653,1.38311559429643,0.414905122300938,0.0
1.60601124043063,20.65729520569903,0.211604007627452,0.843217822459906,0.231544079907392,0.0
2.78069374771704,19.39082301238801,0.194774124052823,0.503547038854149,0.0421291615327815,0.0
2.69695173303744,14.684600115442038,0.241030134402717,0.368274639067294,0.180735764193293,0.0
7.66755652217025,7.414866326804997,0.303883410724273,0.848581045358947,0.736979710803716,0.0
5.66692537694809,1.1711482249460232,0.314816438063699,2.53203712200152,1.69213992963708,0.0
3.33189974845055,-4.8107168168319845,0.298358742653818,4.42883028729472,2.07722131758183,0.0
2.59944390772558,-7.993708877897973,0.270165489174275,2.84191222283484,1.99301032066607,0.0
5.43405374708565,-4.1382537053399915,0.280214569622428,1.65961953042462,1.74322936617815,0.0
2.06487159483939,-3.8896461307879804,0.253358867359943,1.20732106593906,0.887831912484575,0.0
3.24815773377095,3.336275667252039,0.337101204427892,3.96699720432198,0.637644853103215,0.0
5.94510946680839,13.340692775959042,0.289693736943314,5.0599028484149,1.01860666869832,0.0
3.09157163782897,16.706064983929025,0.251172261892058,2.55944915015216,1.25405525334837,0.0
3.33763550288066,18.736699803936006,0.215453828956548,1.11018714010092,1.27363705489095,0.0
1.04906948526701,18.454469073810003,0.193006230270278,0.530363153349339,1.11768190156486,0.0
3.85270625070448,14.29742438458203,0.210440919612619,0.368274639067294,0.538338450815447,0.0
3.32444326769141,6.531494330344003,0.263512625729432,0.31464241007691,0.0576776644474081,0.0
2.94703062619021,2.5649808560399947,0.289275025257975,0.463620823939085,-0.160325507811461,1.0
2.8260062077149,-8.39413009428597,0.300964059807043,0.793161075402216,-0.242030614562343,1.0
1.89222538649309,-12.24143419882597,0.258976582471585,0.88314403737497,-0.343086505697588,1.0
3.10132242036015,-6.959542123101983,0.263373055167652,0.924857993256378,-0.45130115184945,1.0
2.61493044468688,-2.8401961234579858,0.287321037393056,0.770516356495166,-0.765920056675172,1.0
3.97315709373678,2.863513722202015,0.338566695326582,2.195345906673,-0.77549378992905,1.0
4.00527731854539,9.918263091862002,0.274515438349749,4.82928426375625,0.254657334656865,0.0
2.49103814899651,16.683649546878996,0.245240513016411,2.00644127789577,0.590453353582868,0.0
2.96022286137946,18.605263832144033,0.214220955660825,0.92902938884452,0.977771981151859,0.0
2.07519595281358,18.556357424036037,0.178025656639233,0.478518665325303,0.580557387640697,0.0
3.51314958844201,17.102410666308003,0.248520421218239,0.381384739487168,0.274281903012424,0.0
2.15148148673404,8.967644784252002,0.277097493742677,0.2973609140689,-0.0283127483876497,1.0
4.04370687322713,2.307203329967024,0.299440414507612,0.379596998520821,-0.260814633224618,1.0
2.58854597430837,-5.824505901582995,0.284576149678051,0.839046426871767,-0.280930075184573,1.0
2.59772318139655,-9.972380639289952,0.286413828741486,1.15011335501599,-0.221692963346776,1.0
2.67056726265894,-10.877149189297995,0.264931593107528,1.21864342539259,-0.139515075191325,1.0
1.70523979207152,-0.6883141666820052,0.267094936815116,1.09469338505926,-0.201559664313307,1.0
4.16186341448738,3.6837149415230215,0.322562604242485,3.0689553255608,0.0065206908738992,0.0
1.0433337308369,10.400194988430997,0.239936831668774,2.82641846779317,-0.0320264270621259,1.0
2.09240321610391,17.108523967322014,0.190063617592751,1.30087950984451,0.0331438702670025,0.0
3.4810293636334,16.693838381901003,0.224316559629572,0.63524395670831,-0.135413034005872,1.0
2.96595861580957,17.268488677177004,0.248799562341799,0.409988594948705,-0.300575090872312,1.0
3.39499304718175,12.428792041434008,0.259848898482709,0.325964769530437,-0.29424516835901,1.0
4.53181957522944,6.918670061203045,0.281459073798299,0.427270090956715,-0.0190335127489511,1.0
4.25994481524225,-1.0041680523829655,0.308233359899747,1.38192376698553,0.716163386030963,0.0
3.96914206563571,-7.830687517535978,0.304395169450799,2.36041398923229,1.00917574633928,0.0
2.61894547278795,-8.03650198499298,0.270107334773533,1.89619725163776,0.995855588762113,0.0
2.67056726265894,-11.150209967904004,0.251428141255321,1.24188405795509,0.767204576760547,0.0
2.8363305656891,-2.682269180607989,0.256568990280881,0.904001015315674,0.115929316893793,0.0
2.80937251986758,3.112121296754026,0.340160125906902,2.45278060582684,-0.382835369135462,1.0
3.67719216514314,10.58563178584302,0.286518506662821,5.65522059020814,0.65281209021143,0.0
0.936648698436866,17.951140623692027,0.158834704394495,1.90751961109128,0.859016835620142,0.0
4.02076385550669,20.080607143419,0.217256615379538,0.808654830443883,1.16638739031839,0.0
5.16676759064255,15.911335852164996,0.276783459978672,0.5261917577612,0.452734701734436,0.0
2.38779456925454,11.575986550041023,0.249020549064617,0.389131617007998,0.192192675510801,0.0
2.02013271028453,9.886677703292037,0.230736805471448,0.28782629558172,0.042326840182692,0.0
9.01029663425886,2.5782263415690068,0.318026560984637,1.68226424933167,0.874951942317292,0.0
1.56184593131879,-11.89807045856395,0.316816949449211,2.50224143922908,1.11635917432632,0.0
3.13573694694081,-7.107280230929973,0.313095067801747,1.89619725163776,1.12017487708231,0.0
1.1901690442477,-7.369133291010996,0.287483869715132,1.48322908841181,0.892768443387387,0.0
2.43941635912553,-2.223771604589956,0.306511989637794,1.31398961026438,0.43882061907946,0.0
2.29086031938569,3.633789649912046,0.29618376806608,1.60419956046789,-0.487830538674881,1.0
1.7356392905511,12.355432429272014,0.218047515229624,1.58513032349354,-1.0909451939493,1.0
1.74539007308229,16.550175808082997,0.16769743506752,0.921282511323687,-1.17770447431336,1.0
4.47675633270039,18.647038055737028,0.256952809325776,0.545260994735557,-1.00557084785841,1.0
3.62384964894312,14.988227399115999,0.239611167024621,0.381384739487168,-0.807886154159502,1.0
0.669362541993766,11.859236163670005,0.196542017835369,0.27829167709454,-0.553399410889387,1.0
1.68631180245216,6.728138846281013,0.215639923038921,0.240153203145826,-0.464619454743918,1.0
2.84952280087835,0.2673985584400498,0.27846993760018,0.225255361759609,-0.675712847851679,1.0
3.3187075132613,-6.659990373436983,0.30452310913243,0.28782629558172,-0.963142244758338,1.0
1.23605507968857,-10.850658218239005,0.280842637150438,0.619750201666644,-1.02592715318383,1.0
3.59172942413451,-8.857722087814977,0.284424948236123,0.913535633802854,-0.937843795894629,1.0
0.866672494389532,-2.496832383195965,0.30459289441332,1.62982384765219,-0.380692730754515,1.0
2.76004503176864,2.9511377033970234,0.298382004414114,1.62863202034129,-0.61406892885513,1.0
1.61346772118977,11.443531694747037,0.227154494385764,1.24188405795509,-1.09243188517011,1.0
1.78152532599198,16.79368896512301,0.176990508306032,0.738337019100935,-1.43061613332543,1.0
1.80790979637048,17.770798243792,0.169453697969917,0.400453976461525,-1.44227702620946,1.0
4.1102416246164,17.570078193846996,0.220943604386558,0.290209950203516,-1.31414705490584,1.0
2.34993859001582,13.372278164529007,0.250311576761082,0.213337088650633,-1.09358736136711,1.0
2.4376956327965,6.543720932371002,0.277748823030983,0.215720743272429,-0.82518031171216,1.0
3.95193480234538,-1.4107025697849735,0.295485915257181,0.3206015466314,-0.666798733705357,1.0
1.939832148263,-6.0313392525419545,0.279272468330414,0.524404016794853,-0.64607654142056,1.0
3.3187075132613,-7.485286010268965,0.273945525222481,0.60842784221312,-0.773002613389928,1.0
2.16696802369533,-6.806709597762961,0.273910632582036,0.648354057128184,-0.966448624643767,1.0
3.77642071678403,-1.0245457224280017,0.313746397090053,1.24545953988778,-0.820505350242777,1.0
0.804726346544347,3.0306106165730284,0.310280394805852,3.08206542598067,-0.190252804353364,1.0
2.40901686064595,9.931508577391014,0.259209200074551,3.02306997409125,0.0989408246441034,0.0
2.55413144772772,16.962823626499016,0.201915484463896,1.22639030291342,0.0772636892228593,0.0
1.74137504498121,19.44380495450605,0.171233222632611,0.554795613222737,-0.117107641936261,1.0
1.82741136143285,18.276164460914003,0.176502011339803,0.31464241007691,-0.545098499906308,1.0
2.85525855530846,12.232147525498021,0.239052884777502,0.227043102725952,-0.735977927108911,1.0
2.41303188874702,7.0725214700450465,0.265036271028863,0.222871707137813,-0.729301392350596,1.0
7.6073311006541,3.2680104725999968,0.303615900480861,1.12806454976438,0.267229899459311,0.0
2.29143389482871,-4.54275045573695,0.294671753646798,1.68405199029802,0.555813314473645,0.0
1.29341262398967,-6.410363915382959,0.269374589324188,1.49753101614258,0.579534526442494,0.0
2.39467747457068,-11.133907831867987,0.271223899267772,1.12448906783169,0.335498224836766,0.0
1.22630429715739,-4.558033708270955,0.280423925465098,0.906980583592919,-0.163877058660899,1.0
2.61378329380085,2.3479586700580057,0.325551740440604,1.4427069598413,-1.03003539914394,1.0
4.19398363929599,7.721550260986021,0.30216204046232,1.97426194050154,-1.18169277887444,1.0
2.35739507077496,17.809515816878047,0.211848256110566,1.5773834459727,-0.780473521728416,1.0
3.13172191883973,19.812640782324024,0.224479391951649,0.789585593469526,-0.326682533715996,1.0
4.57942633699935,18.599150531131045,0.260453704250422,0.463620823939085,0.126636319878068,0.0
4.46872627649823,13.593375884519048,0.267339185298231,0.425482349990371,0.133729827940389,0.0
2.68146519607615,8.348163614877024,0.296788573833793,0.440380191376589,0.227921204329381,0.0
2.35567434444593,-0.3653280964649639,0.288344554846109,0.766940874562475,0.31565337064124,0.0
4.71306941522089,-5.565709492007954,0.301615389095349,1.10422800354644,0.204864904453948,0.0
1.78898180675112,-11.04832161767797,0.258616025186987,1.39026655816181,0.186800891817729,0.0
1.40755413714885,-10.364650787659969,0.277481312787572,1.30087950984451,0.126185141075552,0.0
3.61352529096892,-1.193680383803951,0.301103630368823,1.79846741214417,0.341172736892988,0.0
3.22177326339245,6.261490202245,0.300661656923186,4.11120830894057,0.786626740890508,0.0
2.31150903533409,10.760879748232014,0.240588160957081,2.48555585687652,0.455768311207564,0.0
3.12254471175156,14.953585360039028,0.256859762284589,1.1441542184615,0.207563375070016,0.0
1.39608262828863,20.194722095672034,0.191168551206842,0.59889322372594,-0.379935250448406,1.0
1.34274011208861,17.05248537469805,0.161614484749945,0.345034006504794,-0.552977786566181,1.0
2.51971692114706,14.74471424207502,0.228689770565343,0.257434699153836,-0.559234125911146,1.0
2.30577328090398,9.497464205428003,0.255347747865307,0.215720743272429,-0.620754281658842,1.0
5.33310446911572,-0.5823502824469529,0.277341742225792,0.215720743272429,-0.760212025670506,1.0
5.37612262734154,-7.228527367698973,0.293997162598195,0.59531774179325,-0.6775205974272,1.0
2.53118843000728,-7.46185168971698,0.266908842732743,0.494012420366969,-0.884423002894304,1.0
5.26255468962538,-6.0191126505149555,0.263675458051508,0.51665713927402,-1.09769362393622,1.0
2.15721724116414,-2.2736968962009882,0.265722492957614,0.568501627298056,-1.59923760915934,1.0
2.7313662596181,3.354615570292026,0.334333054952591,3.78583945306558,-0.242778780823857,1.0
2.77323726695789,10.192342753970024,0.290379958872066,7.12176409626739,1.36227545524824,0.0
2.7313662596181,16.750895858028002,0.212057611953236,1.92062971151115,1.54256712584877,0.0
4.04714832588519,18.390279413167036,0.205032560343647,0.80090795292305,1.59018816868227,0.0
2.68375949784819,19.00670393203501,0.253463545281278,0.494012420366969,0.432362544409705,0.0
3.0669078937795,13.583187049497042,0.252695907191488,0.408200853982358,0.165397820657242,0.0
1.06512959767132,7.269165985981033,0.254359123052699,0.333711647051271,0.0916830118083722,0.0
6.22558785844074,2.9684587229349972,0.30848923926301,1.3753687167756,0.70303767846208,0.0
8.75849701477705,-4.826000069365989,0.301673543496091,3.30136165118579,1.29608093072651,0.0
0.445094543776489,-12.288302839929997,0.262907819961719,4.54443753645177,1.87214524508088,0.0
4.69414142560153,-7.758346788874974,0.297812091286846,2.95751947199189,2.17723514950495,0.0
2.28512456495559,-2.217658303576002,0.277295218705199,2.27519833650313,2.29613891425802,0.0
3.20456600010212,4.459085286744028,0.31578180111601,1.97247419953519,0.784541341260875,0.0
3.31698678693227,12.276978399596999,0.279156159528931,2.41106664994543,-0.156441530179523,1.0
3.04052342340099,16.75904692604604,0.211092248900925,1.42125406824515,-0.456959409606405,1.0
3.42195109300327,20.073474958903034,0.245856949664273,0.831895463006382,-0.178993784906665,1.0
1.90713834801138,19.23697160354601,0.177013770066329,0.478518665325303,0.0436473111578969,0.0
2.55585217405675,13.886814333171003,0.221397208712342,0.3206015466314,0.0710410649825121,0.0
3.81829172412383,9.160213766179027,0.284936706962649,0.290209950203516,-0.136449843169967,1.0
1.86756164244362,2.6424160022110073,0.276108868930069,0.335499388017618,-0.397182516790664,1.0
2.94875135251924,-9.741094084275971,0.272235785840677,0.444551586964728,-0.637380378639033,1.0
1.4838396710693,-12.33720924803896,0.254010196648249,0.477922751669857,-0.92168327345567,1.0
3.62901182793022,-7.475097175245992,0.269397851084485,0.492820593056074,-1.25285463386202,1.0
2.59772318139655,-2.363358644399966,0.277655775989797,0.471963615115367,-1.74050766736059,1.0
2.06659232116842,3.300614744672032,0.327715084148193,1.64531760269385,-1.63539344565024,1.0
3.15294421023114,11.568854365526022,0.25866254870758,5.67846122277064,0.25486205322482,0.0
2.09641824420499,17.32758392030803,0.185853238979057,1.73589647832206,0.59852028849807,0.0
3.09730739225908,19.16666864189,0.199147334988594,0.80090795292305,1.11870938902653,0.0
2.43368060469542,18.389260529665023,0.222432357045543,0.430845572889409,0.23848261611204,0.0
3.00381459504829,15.23989162417405,0.248252910974828,0.3206015466314,-0.0351341058319654,1.0
1.49359045360049,9.985509403011008,0.241274382885832,0.27471619516185,-0.241176337294471,1.0
2.83403626391705,0.2032088977970261,0.26665296336948,0.24194094411217,-0.541207564048675,1.0
1.93811142193397,-7.075694842359951,0.28305250437862,0.250879648943901,-0.946469633880741,1.0
1.36969815791013,-8.639681018331999,0.287355930033501,0.299744568690693,-1.36049525846797,1.0
3.69382585299045,-9.349842819407968,0.289984508947023,0.474943183392612,-1.62519657056737,1.0
5.43003871898457,-4.045535306633951,0.297451534002248,0.962996467205095,-1.44580724358345,1.0
3.14720845580103,2.319429931995046,0.316247036321943,2.1047670310448,-0.986757576024842,1.0
2.49849462975565,11.592288686078007,0.27846993760018,6.13373925553345,0.711566435791831,0.0
6.56112949260214,15.938845706726,0.273073209211356,2.1035752037339,0.944282160013613,0.0
4.22094168511751,19.057648107147998,0.267094936815116,1.08337102560573,1.44466095439262,0.0
1.86756164244362,17.495699698181,0.218140562270811,0.738337019100935,0.938030258025412,0.0
3.13172191883973,13.955079527822022,0.234179545995353,0.514869398307676,0.898750462618694,0.0
2.27193232976633,5.724538596553032,0.270560939099318,0.419523213435882,0.67926820427858,0.0
4.14637687752608,-0.6842386326729866,0.304360276810354,0.51665713927402,0.150639137950407,0.0
4.25134118359709,-8.50315062902797,0.288414340126999,1.24724728085412,0.135313260916692,0.0
2.83059481125899,-7.548456787408952,0.288018890201955,1.31220186929803,0.108895697601355,0.0
2.44515211355564,-7.960085722322958,0.28798399756151,1.63101567496309,0.289626638864122,0.0
2.56330865481589,0.5475915215620262,0.313944122052575,2.34194066591338,0.707399392390839,0.0
6.27491534653968,4.910450678246036,0.319282696040657,4.08737176272262,1.10505388743644,0.0
4.09532866309811,10.287098919680034,0.295125357972583,4.54324570914087,1.22597174157929,0.0
4.57598488434128,17.144184889901,0.271107590466289,2.22990889868903,1.07613111972353,0.0
2.5271734019062,20.84986418762702,0.221234376390266,1.30862638736534,1.0774815937442,0.0
3.47127858110221,20.12849466802504,0.244100686761875,0.786010111536832,1.19663081622719,0.0
3.45980707224199,12.86996859791401,0.254335861292402,0.566713886331713,1.22478658511987,0.0
2.8994238644203,7.947742398488003,0.265548029755389,0.461833082972742,0.847973384836261,0.0
2.72735123151702,1.1151096323210368,0.298533205856042,0.623921597254787,0.332758878969809,0.0
8.96727847603304,-2.3603019938929606,0.322085738156403,4.8531208099742,1.57966774381462,0.0
2.48702312089544,-8.334015967652988,0.28576249945318,4.44015264674825,2.01626782276313,0.0
2.11362550749531,-8.418583298340991,0.29368312883419,1.99511891844224,2.28194686048871,0.0
4.17161419701857,-2.8870647645619556,0.317363600816183,1.95996001277077,1.8685810442175,0.0
4.92643948002097,4.775958055947001,0.319550206284068,3.53078840853354,0.892345312642839,0.0
4.60064862839075,8.911606191627016,0.298195910331741,3.42948308710726,0.624067223307682,0.0
4.80484148610264,16.339266923113996,0.260697952733537,2.23527212158807,0.636611667096238,0.0
3.75175697273456,18.659264657764027,0.258371776703872,1.35451173883489,0.732420093793603,0.0
2.35567434444593,18.77032295951102,0.22259518936762,0.824148585485549,1.25239449114072,0.0
3.96512703753463,13.366164863514996,0.272259047600973,0.637031697674657,1.37078110175735,0.0
1.30488413284989,4.9124884452500055,0.274050203143816,0.497587902299663,1.01096235914934,0.0
4.44234180611973,1.4279068675160147,0.294299565482052,0.57207710923075,0.37923933795493,0.0
3.10304314668918,-3.7327380714399965,0.286506875782673,1.57917118693905,0.376392435474826,0.0
2.81912330239877,-6.907579064486981,0.270886603743471,1.73351282370026,0.428921147542036,0.0
2.21801623812331,-7.033920618766956,0.264966485747973,1.3521280842131,0.472850379794925,0.0
4.04542759955616,-2.5335121892779853,0.292171114414908,1.27406339534931,0.277388609953025,0.0
3.08010012896875,2.4926401273790475,0.314828068943848,2.16674205121147,-0.282372662977944,1.0
2.45260859431478,13.453788844710004,0.258115897340608,4.85252489631875,0.422303558886589,0.0
4.38096923371756,16.903728383367024,0.25018363707945,2.00644127789577,0.588938936186471,0.0
4.04944262765724,21.00473447997001,0.237715333560444,1.17692946951118,1.06320819278598,0.0
2.21457478546524,18.815153833609997,0.19542545334113,0.701986286118565,0.911248870605673,0.0
3.37778578389143,13.246955493750022,0.274480545709304,0.488053283812483,0.930457605537514,0.0
2.5426599388675,8.426617644551015,0.273736169379811,0.429057831923062,0.613044511747123,0.0
3.79936373450447,4.041343050817034,0.291438368965563,0.673382430657028,0.278380586237542,0.0
3.82632178032598,-7.304943630368996,0.310582797689708,1.35153217055765,0.279206588501672,0.0
3.95594983044645,-11.724860263180005,0.282866410296247,1.44568652811854,0.271238847439434,0.0
4.03395609069594,-5.645182405184983,0.299347367466425,2.6530075940576,0.750989187412997,0.0
3.09960169403112,-2.4998890337029707,0.311664469543503,2.55587366821947,1.26138812685924,0.0
2.24497428394482,5.988429423639047,0.300033589395177,5.50087895344693,1.97694763673801,0.0
4.86736120939084,11.519947957417003,0.283727095427223,2.49091907977556,1.10778572959819,0.0
2.32699557229538,18.87323019323901,0.194180949165259,1.3044549917772,0.664608534757185,0.0
4.96085400660162,18.346467422570015,0.273771062020256,0.833683203972729,-0.194727805643605,1.0
5.68986839466853,18.28227776192705,0.276678782057337,0.705561768051258,0.137488714208419,0.0
2.96423788948054,13.449713310701043,0.270386475897093,0.684704790110555,0.778854465906464,0.0
4.55877762105095,6.111714327412017,0.286448721381931,1.06310996132048,1.51762513428787,0.0
1.49359045360049,0.034074236422043214,0.28305250437862,1.56188969093104,1.4582895800237,0.0
2.86673006416868,-9.760452870818995,0.335973009053505,1.53149809450315,1.00442375315887,0.0
2.91261609960955,-11.217456279052954,0.278062856794988,1.22639030291342,0.583004042950483,0.0
3.02675761276873,-6.735387752604993,0.254673156816704,0.938564007331701,0.0834957633242226,0.0
4.66546265345099,1.2149602155430443,0.31057116680956,1.79667967117782,0.0736988681344814,0.0
2.59600245506752,4.634333249133022,0.284820398161166,4.09511864024345,0.636204991819628,0.0
1.44942514448864,13.39163695107203,0.193622666918139,1.97783742243423,0.280167045351842,0.0
5.19946139089417,15.360119877441036,0.266466869287107,0.875397159854137,-0.0491740380700353,1.0
1.6042905141016,19.729092335139,0.180235523867415,0.474943183392612,-0.845287265910224,1.0
3.82976323298405,18.040802371891004,0.244740385170033,0.299744568690693,-1.03571262246948,1.0
5.34056094987486,12.850609811371044,0.265769016478207,0.28782629558172,-0.795715854029617,1.0
7.02859347865606,7.530000162560043,0.301650281735794,2.45456834679319,2.04250881742925,0.0
3.8010844608335,2.5527542540120294,0.292799181942918,2.91223003417779,2.54848383191479,0.0
5.03713954052208,-6.875993675916959,0.295427760856439,2.29426757347749,2.04059983926372,0.0
6.48599110956771,-9.34576728539895,0.295916257822669,2.8389326545576,1.61267607255113,0.0
1.37313961056819,-8.913760680439964,0.263221853725724,2.40927890897909,1.3834899899175,0.0
2.64934497126753,-3.3017503499829672,0.274236297226189,1.64770125731565,1.35117818772441,0.0
2.39353032368465,3.1620465883650013,0.310140824244072,1.66677049429001,0.164283755719188,0.0
2.044796454334,12.91785612252005,0.230364617306702,1.98915978188775,-0.714069917821918,1.0
3.01528610390851,16.23737857288802,0.241693094571172,1.05834265207689,-0.900667332637723,1.0
1.36969815791013,19.648600538460016,0.166894904337285,0.56254249074357,-0.691162153295138,1.0
1.35019659284775,19.196216263455995,0.135735776419919,0.322389287597744,-0.704098501364403,1.0
1.28366184145848,12.189354418403013,0.185155386170157,0.211549347684286,-0.735977927108909,1.0
2.29430177204376,7.065389285529022,0.249381106349215,0.181157751256402,-0.834221741556388,1.0
1.5469329698005,0.46302419087402313,0.250067328277967,0.15553346407211,-1.00163846595181,1.0
2.40500183254487,-6.340060953727004,0.27791165535306,0.154341636761212,-1.32160441355255,1.0
6.54392222931182,-7.265207173780993,0.303836887203679,0.429057831923062,-1.42265506093779,1.0
1.85953158624147,-11.346854483840957,0.276155392450663,0.652525452716324,-1.41338029002785,1.0
3.66227920362485,0.6403099202670433,0.322562604242485,2.96049904026913,0.115929316893789,0.0
4.27026917321645,5.062264320083045,0.308977736229239,4.92880184421618,1.27589874297221,0.0
5.56196107087709,12.441018643461007,0.275608741083691,2.75252517451753,1.13423743933955,0.0
0.976798979447632,16.980144646037047,0.21063864457514,1.77582269323712,0.708927948700868,0.0
3.49823662692372,20.181476610143022,0.210243194650097,0.940351748298044,0.161064883156798,0.0
4.6711984078811,17.377509211919005,0.256522466760288,0.53572637624838,0.459951339701592,0.0
2.43540133102445,13.572998214474012,0.250846597247904,0.385556135075307,0.363847666452217,0.0
4.40219152510896,7.706267008452016,0.300091743795918,0.444551586964728,0.279128983122568,0.0
3.68694294767432,3.8722083894410275,0.297998185369219,0.972531085692275,0.459135320946029,0.0
1.33298932955742,-4.026176520090985,0.295230035893918,1.45522114660572,0.482172822739325,0.0
0.885026908565879,-7.294754795345966,0.294974156530655,1.33782615648233,0.38473662299988,0.0
0.91542640704546,-8.648850969851992,0.2918803424112,1.04165706972432,0.142950744289374,0.0
3.49594232515168,-2.386792964951951,0.323202302650643,1.0070940777083,-0.246371463752809,1.0
3.79534870640339,5.732689664571012,0.301208308290157,1.23950040333329,-1.15052022713354,1.0
1.00719847792721,12.108862621724029,0.220338798618845,1.51421659849514,-1.48492911712585,1.0
2.55757290038578,15.877712696590038,0.173501244261534,1.02437557371631,-1.34268429698098,1.0
4.04141257145508,19.44788048851501,0.227154494385764,0.539897771836519,-0.98959240537244,1.0
2.85353782897943,19.39082301238801,0.234505210639506,0.339670783605757,-0.746475337301335,1.0
3.33763550288066,13.434430058167038,0.228550200003563,0.222871707137813,-0.725630215835082,1.0
4.03223536436691,5.872276704381022,0.285460096569324,0.25147556259935,-0.629016294086177,1.0
3.27110075149139,-0.02909654071896739,0.290740516156664,0.333711647051271,-0.581992639688549,1.0
2.07921098091466,-10.195516126284986,0.293904115557009,0.81044257141023,-0.368972318543481,1.0
1.02440574121754,-12.686686289314991,0.265187472470791,0.932604870777211,-0.378174153302253,1.0
4.77214768585102,-1.4901754829620018,0.319654884205403,1.41171944975797,-0.165073618589492,1.0
1.40353910904777,0.36419249115402863,0.26700188977393,1.94565808504,0.242634497330662,0.0
2.95620783327839,6.17590398805504,0.289554166381535,1.3962256947163,-0.302486055531044,1.0
3.51888534287212,12.87302524842005,0.251625866217842,1.01662869619548,-1.16400520182118,1.0
3.62958540337323,17.462076542607008,0.234342378317429,0.646566316161837,-1.73803460549056,1.0
4.91496797116074,19.566070974777006,0.243251632511047,0.455873946418252,-1.63650034313492,1.0
4.32189096308743,17.933819604153996,0.25560362722857,0.36648689810095,-1.26172532543944,1.0
5.84243946250943,13.26937093080005,0.254963928820412,0.436804709443895,-0.466326958040009,1.0
4.1733349233476,6.431643747121996,0.286762755145936,0.879568555442276,0.691620776477707,0.0
3.35885779427206,1.0183156996060347,0.296160506305784,1.85567512306725,1.38103619752784,0.0
4.14293542486802,-3.983383412995977,0.279691180015754,2.15541969175794,1.25716930103532,0.0
3.22349398972148,-13.255223283576981,0.266083050242212,1.59526085563616,0.986568820403669,0.0
2.19449964495986,-7.736950235327981,0.245856949664273,1.1441542184615,0.557291788004362,0.0
2.49849462975565,-2.1371665068979837,0.280749590109251,0.908172410903817,-0.0968902885992076,1.0
3.26364427073225,3.596090960328013,0.315665492314527,1.417082672657,-1.03306800320434,1.0
1.4574552006908,12.635625392393024,0.222467249685988,1.96830280394705,-1.19732734283071,1.0
5.14210384659308,14.919962204464014,0.247427118484297,1.12925637707528,-0.98939484213424,1.0
2.45260859431478,19.849320588406044,0.189482073585335,0.538110030870172,-0.677569372244922,1.0
3.61065741375387,16.857878625766034,0.235947439777899,0.330136165118577,-0.646627815505246,1.0
2.4222090958352,14.003985935931041,0.236761601388281,0.221083966171466,-0.748446677588782,1.0
1.5411972153704,7.88151497084101,0.250718657566273,0.179370010290059,-0.800823188544109,1.0
3.56477137831299,3.1151779472610315,0.287611809396764,0.206186124785249,-0.896504303206538,1.0
1.53718218726932,-2.5966829664179727,0.297486426642693,0.240153203145826,-1.12328077457957,1.0
3.43342260186349,-7.122563483463978,0.306942332203282,0.6179624607003,-1.08663156785442,1.0
3.02675761276873,-5.604427065094001,0.301592127335052,1.25141867644226,-0.743418042599388,1.0
5.60555280454592,-0.4111778540669775,0.320759817819494,1.90751961109128,-0.0254970025221071,1.0
6.33628791894185,5.370986021268038,0.314944377745331,3.47298478395501,0.555503939199376,0.0
4.2570769380272,10.68038795155303,0.293869222916564,4.50153175325946,0.916266009718436,0.0
1.30832558550795,17.803402515864036,0.201682866860929,1.86699748252077,0.812842989977498,0.0
4.54730611219073,20.40664986414305,0.219478113487868,0.757406256075295,0.76853386028613,0.0
3.31469248516022,19.332746652759,0.195634809183799,0.377809257554474,0.266142539123942,0.0
2.91089537328052,15.633180656047045,0.23565666777419,0.290209950203516,-0.21437219464361,1.0
2.23522350141363,7.518792444036023,0.262442584755786,0.182945492222749,-0.556833096530788,1.0
8.95695411805884,1.933273084637051,0.312164597389881,0.633456215741967,-0.205133409458047,1.0
4.98666490153711,-7.06143047332796,0.311873825386173,2.55229818628677,0.699152531519988,0.0
1.70523979207152,-10.246460301397974,0.289647213422721,2.34789980246787,0.965461371656382,0.0
3.18506443503975,-2.616041752960996,0.317398493456628,1.76032893819545,1.13261824268825,0.0
5.15529608178233,-5.4638211417819775,0.314886223344589,2.21083966171467,1.13303317802139,0.0
3.44489411072371,5.430081264399007,0.306814392521651,4.07783714423544,1.10095812676059,0.0
7.2402428171271,11.075714750431018,0.274550330990194,2.84369996380119,0.690226733295251,0.0
6.20838059515042,16.77331129507803,0.273189518012839,2.22573750310089,0.623121756254345,0.0
3.50397238135383,19.779017626750033,0.262977605242609,1.61373417895507,0.616230897800813,0.0
2.99807884061818,19.66795932500304,0.200996644932178,1.00530633674195,1.51148349127497,0.0
1.4419686637295,12.53577480917204,0.226200762213601,0.627497079187477,1.75308103514966,0.0
2.27365305609537,7.982384437565031,0.247415487604148,0.468984046838126,1.16513864663704,0.0
2.54438066519653,2.2929389609359987,0.282738470614615,0.414755904192293,0.206740443016678,0.0
2.70670251556862,-4.4897685136199925,0.292206007055353,0.476730924358959,-0.395687489301496,1.0
1.04734875893798,-11.439572882545974,0.265373566553164,0.592934087171454,-0.750778792601827,1.0
2.82657978315791,-5.749108522414986,0.284041129191228,0.644778575195491,-1.01530628318609,1.0
2.41475261507606,-1.589007182680973,0.31043159624778,1.23771266236694,-0.839970263357359,1.0
1.91230052699847,4.890073008201,0.272817329848093,1.65008491193745,-0.993118360457505,1.0
2.06773947205444,12.098673786702022,0.21696584337583,1.17692946951118,-1.31760452287096,1.0
3.79534870640339,15.356044343432018,0.202473766711015,0.589358605238763,-1.53425292621128,1.0
2.15721724116414,20.125438017519002,0.198437851299546,0.330136165118577,-1.65410799891839,1.0
2.91261609960955,18.266994509393044,0.183108351264052,0.198439247264415,-1.76315698956929,1.0
2.82313833049985,14.613278270283047,0.210417657852322,0.137060140753199,-1.62052735686176,1.0
2.64532994316646,8.190236672026003,0.26693210449304,0.122162299366981,-1.48439607905923,1.0
3.44259980895166,1.042768903660999,0.277306849585347,0.125737781299675,-1.34741051349896,1.0
1.782672476878,-7.799102128965956,0.289391334059458,0.1591089460048,-1.46744657987335,1.0
6.12463858047082,-7.731855817815983,0.289181978216788,0.633456215741967,-1.22627750292047,1.0
1.78726108042209,-7.753252371363999,0.267943991065944,1.95817227180442,-0.370133890389595,1.0
3.32616399402044,-1.9181065539119686,0.301906161099057,1.4856127430336,0.134209240040662,0.0
2.569044409246,7.12856006266901,0.289798414864649,1.73947196025475,-0.0885504286134046,1.0
3.08010012896875,12.069126165136026,0.271037805185399,1.47846177916822,-0.992567302830316,1.0
2.18188098521362,15.68310594765802,0.21654713169049,0.89267865586215,-1.17770447431336,1.0
4.11425665271747,18.72549208541102,0.193076015551168,0.446339327931075,-1.14948712596977,1.0
4.52034806636922,17.64140003900502,0.277434789266979,0.305107791589734,-1.04286320246898,1.0
3.07092292188057,12.482792867054002,0.251393248614876,0.198439247264415,-1.00383716737285,1.0
1.19991982677889,7.283430355013024,0.251753805899474,0.152553895794865,-0.966256204041766,1.0
3.26134996896021,-0.6536721276049775,0.276004191008734,0.200226988230762,-0.99608224652752,1.0
2.96194358770849,-5.206043615709973,0.297951661848626,0.373637861966335,-0.995043833331503,1.0
4.1314639160078,-8.620322231788975,0.264326787339815,0.291997691169863,-1.28047062496285,1.0
0.496142758204463,-7.981482275869951,0.24121622848509,0.312854669110567,-1.67696255561455,1.0
3.72479892691304,-0.47740528171397045,0.290379958872066,0.449914809863766,-2.2043632085095,1.0
4.6975828782596,7.049087149493005,0.280389032824653,3.751872374705,-0.42717958909877,1.0
2.10961047939424,12.30041272014904,0.225875097569448,1.96472732201436,-0.349219621558512,1.0
3.9215353038658,16.700970566417027,0.233807357830606,0.819977189897406,-0.190384901142333,1.0
2.044796454334,19.399992963908005,0.204858097141422,0.396878494528831,-0.929055459300117,1.0
1.60199621232955,18.13250188709503,0.157264535574471,0.221083966171466,-1.30232187551387,1.0
4.75666114888973,13.656546661660002,0.243600558915497,0.181157751256402,-1.31150173596922,1.0
3.95939128310452,7.321129044597001,0.282063879566012,0.181157751256402,-1.14106488849826,1.0
2.68146519607615,0.6698575418330392,0.275934405727844,0.184733233189096,-1.00386711670892,1.0
2.38205881482443,-4.238104288560976,0.289891461905836,0.265777490330119,-1.11528029590389,1.0
1.88075387763287,-9.16746267250295,0.268502273313064,0.360527761546461,-1.33981924228068,1.0
2.78298804948908,-6.847464937852976,0.289368072299161,0.463620823939085,-1.55721980806601,1.0
1.2532623429789,-2.2624891776760023,0.286983741868754,0.591146346205107,-1.77004518083387,1.0
3.24815773377095,5.194719175377031,0.298254064732483,0.989812581700288,-2.1140512774459,1.0
2.29258104571473,12.738532626122037,0.254824358258632,1.167394851024,-2.12319904557991,1.0
2.51742261937502,16.64595085729502,0.193343525794579,0.766940874562475,-1.81972329991807,1.0
4.66890410610905,20.852920838133002,0.243612189795646,0.468984046838126,-1.42619808281394,1.0
5.6153035870771,19.992983162225016,0.24198386657488,0.350993143059284,-1.11244847666548,1.0
1.63813146523924,13.25204991126202,0.246287292229761,0.211549347684286,-0.851380533715636,1.0
3.00209386871926,6.266584619756031,0.269746777488935,0.198439247264415,-0.736724143122056,1.0
5.80974566225781,2.871664790219995,0.312129704749436,0.778263234015999,-0.114639766000781,1.0
1.45516089891876,-7.434341835155976,0.290321804471324,1.2800225319038,0.175429196542285,0.0
1.36166810170797,-7.396643145572,0.29375291411508,1.15309292329323,0.166058610901733,0.0
2.1600851183792,-8.15774912176198,0.289135454696195,0.978490222246761,-0.0438896037441272,1.0
2.19794109761792,-3.8774195287609814,0.295439391736588,0.890890914895803,-0.468576300312325,1.0
3.34337125731077,3.4126919299210385,0.301289724451196,2.84787135938933,-0.32117608824864,1.0
5.63021654859539,13.545488359913008,0.276655520297041,3.21972148038932,-0.0437131572597434,1.0
3.94046329348516,17.095278481793002,0.262989236122757,2.13992593671628,0.350596206683528,0.0
1.40755413714885,20.003171997247023,0.153903211211605,0.88314403737497,0.458036474304439,0.0
4.40219152510896,18.08053882848003,0.235424050171224,0.461833082972742,0.632139706695088,0.0
2.80937251986758,14.017231421459996,0.238424817249492,0.309279187177873,0.10175265223176,0.0
3.19080018946986,7.790834339138996,0.275038827956423,0.263393835708323,-0.227097945059247,1.0
5.41111072936521,-0.06170081279100259,0.304325384169909,0.642990834229144,-0.0852117588466754,1.0
1.59167185435536,-14.124330911005984,0.260616536572499,0.981469790524006,-0.03640120608767,1.0
3.5963180276786,-4.958454924659975,0.287379191793797,0.945119057541636,-0.121659956677622,1.0
1.92836063940278,-6.960561006603996,0.289577428141831,0.920090684012789,-0.31966039310986,1.0
1.70351906574249,-1.847803592255957,0.306721345480464,1.26810425879483,-0.399085792821843,1.0
3.00209386871926,5.715368645033038,0.300917536286449,2.88005069678356,-0.144608766038373,1.0
4.63678388130044,10.543857562250025,0.283005980858027,2.35147528440056,-0.217671397439479,1.0
4.02994106259487,16.866029693784014,0.253742686404838,1.38847881719547,-0.161300766126327,1.0
2.30577328090398,20.28132719336503,0.198251757217173,0.711520904605745,-0.275459190369906,1.0
2.74283776847831,20.21815641622402,0.193599405157842,0.381384739487168,-0.175736181531258,1.0
2.74455849480735,13.823643556031016,0.195018372535938,0.247900080666656,-0.339950336969388,1.0
5.50632425290503,9.30081968949105,0.29667226503231,0.360527761546461,-0.303444679225058,1.0
3.96168558487656,2.0871244934789956,0.305476841304593,0.845005563426253,0.1528903655749,0.0
4.88743634989622,-3.4301296712679914,0.313223007483379,2.07795091654961,0.663463297822058,0.0
1.97195237307161,-9.566865005389957,0.319899132688518,2.85919371884285,1.03689457986466,0.0
1.22745144804341,-5.88563891171799,0.301243200930602,1.86640156886532,1.17467825432339,0.0
4.53354030155847,-0.7015596522109604,0.325668049242088,1.6250565384086,1.14530023601143,0.0
3.66399992995389,6.482587922236007,0.300335992279033,2.36339355750954,0.223187004875606,0.0
3.07665867631068,13.999910401922023,0.235331003130037,2.45278060582684,-0.240398714639426,1.0
2.57133871101804,17.625097902969003,0.204730157459791,1.10244026258009,-0.41405307236264,1.0
2.22031053989535,19.583391994315036,0.18423654663844,0.522616275828509,-0.452756114528787,1.0
5.40135994683402,19.430559468976014,0.233109505021707,0.465408564905432,-0.550551262155412,1.0
4.11196235094543,12.864874180402012,0.220513261821069,0.400453976461525,-0.268562195718466,1.0
3.56878640641407,8.857605366007022,0.293101584826774,0.358740020580117,0.0747330358944264,0.0
2.57707446544815,2.5629430890350022,0.29389248467686,0.59531774179325,0.0572924659932778,0.0
2.40786970975993,-7.0186373662329515,0.295578962298368,0.967167862793238,-0.0161360815997868,1.0
2.60919469025677,-9.281577624755982,0.307779755573962,1.49753101614258,0.101984705326659,0.0
2.78184089860306,-7.38747319405195,0.294648491886501,1.77105538399353,0.307695826813611,0.0
3.91006379500558,-3.978288995485002,0.314816438063699,1.86163425962173,0.639065876193831,0.0
2.26390227356418,3.596090960328013,0.292962014264994,2.55408592725312,0.368502053304292,0.0
0.831684392365861,12.29328053563404,0.171279746153204,1.65366039387014,-0.388481083804359,1.0
3.87564926842492,17.15029819091501,0.199368321711412,0.760981738007985,-0.791273233042745,1.0
3.11680895732145,17.498756348688005,0.215477090716844,0.389131617007998,-1.15816657708635,1.0
3.0250368864397,18.116199751059014,0.223060424573553,0.280675331716336,-1.31177784765031,1.0
2.0711809247125,13.873568847641025,0.210010577047131,0.182945492222749,-1.19769928904289,1.0
2.79790101100737,6.219715978652005,0.2640825388567,0.154341636761212,-1.05613944526517,1.0
2.5426599388675,0.46302419087402313,0.294857847729171,0.163280341592943,-1.09369438274218,1.0
1.50563553790372,-4.493844047628954,0.287123312430534,0.243132771423068,-1.21442568736599,1.0
1.62895425815107,-8.296317278068955,0.316782056808766,0.381384739487168,-1.36588979237879,1.0
3.57796361350224,-11.858334001976004,0.301010583327636,0.444551586964728,-1.5789144491895,1.0
3.62212892261409,-2.6313250054950004,0.295043941811545,0.573864850197097,-1.78692499446235,1.0
5.55393101467493,5.2395500494760086,0.324644531789035,3.82219018604795,-0.258141861180619,1.0
1.77005381713176,12.242336360520028,0.243647082436091,3.502184553072,0.289920181447593,0.0
2.49677390342662,17.314338434779017,0.198530898340733,1.28538575480284,0.469637702442688,0.0
1.84232432295114,20.50548156386202,0.138527187655517,0.490436938434279,0.0836618240343205,0.0
1.04734875893798,19.70871466509402,0.163754566697237,0.236577721213133,-0.631027367221743,1.0
2.07347522648455,14.399312734808007,0.179607456339406,0.160300773315698,-1.12701702418513,1.0
2.60345893582666,5.914050927974017,0.266548285448145,0.139443795374995,-1.26272231660533,1.0
4.42914957093048,1.4819076931350423,0.289635582542573,0.230618584658646,-1.03544668067957,1.0
4.48421281345953,-4.4592020085519835,0.314339571977618,0.629284820153824,-0.70344696965167,1.0
3.89170938082923,-13.997989356724986,0.288298031325515,1.1185299312772,-0.434304318101967,1.0
1.40181838271874,-10.107892145091,0.286937218348161,0.984449358801248,-0.379991008863097,1.0
4.45381331497995,-1.6083659692239962,0.305744351548005,1.00888181867465,-0.412402870207686,1.0
3.45808634591296,4.365348004536031,0.32231835575937,3.90800175243256,0.243860092045268,0.0
3.67375071248507,10.625368242431023,0.280633281307768,3.49443767555117,0.461027663932629,0.0
3.21202248086126,18.552281890027018,0.219722361970983,1.43436416866502,0.535216200684844,0.0
1.98915963636194,21.53149725064003,0.185201909690751,0.600680964692287,0.185357946986433,0.0
2.80191603910844,18.443261355285017,0.20890564343304,0.352780884025627,-0.261570562850879,1.0
3.7592134534937,13.305031853379035,0.238075890845042,0.255646958187489,-0.546607246618981,1.0
1.0014627234971,8.428655411555042,0.237029111631693,0.19188419705448,-0.656371634392704,1.0
4.04714832588519,3.207896345967015,0.286309150820151,0.27829167709454,-0.702763828370917,1.0
2.46063865051693,-3.6359441387249944,0.296555956230827,0.318813805665053,-0.921884543385248,1.0
3.28257226035161,-5.715485366840994,0.305802505948746,0.663847812169847,-0.919295294824356,1.0
3.44776198793876,-9.303993061805954,0.273201148892988,1.09409747140381,-0.764525709268555,1.0
2.19507322040287,-0.9613749452879574,0.310861938813268,1.4391314779086,-0.359868256042623,1.0
1.66107448295968,3.506429212129035,0.279877274098127,1.8771280146634,-0.483003960352116,1.0
2.7158797226568,11.209188489227017,0.251404879495024,1.28181027287015,-1.04402084509322,1.0
1.91860985687159,18.362769558606033,0.203578700325106,0.774091838427859,-1.26459128840408,1.0
2.84550777277727,20.882468459699,0.178781663848875,0.442763845998381,-1.35965913427255,1.0
1.53144643283921,19.268556992117,0.16943043620962,0.276503936128197,-1.23014016584,1.0
2.254725066476,12.724268257090046,0.173954848587319,0.190692369743582,-1.08175339505699,1.0
6.42002993362145,9.968188383473034,0.279679549135605,0.295573173102553,-0.733009732571606,1.0
5.52181078986632,-0.4050645530529664,0.305116284019995,0.936776266365354,0.123999093806352,0.0
3.19883024567201,-7.356906688983997,0.269863086290418,1.39265021278361,0.364765141952041,0.0
4.43259102358855,-8.922930631959957,0.281808000202749,1.61194643798873,0.449595423648473,0.0
3.9427575952572,-7.329396834422994,0.295788318141037,3.13569765497105,0.974559857522909,0.0
2.00464617332324,-3.143823407132004,0.295451022616736,3.22329696232201,1.72853578594931,0.0
5.3216329602555,4.53550154941405,0.301685174376239,2.23944351717621,1.29557383661843,0.0
5.14956032735222,10.658991398006037,0.293183000987812,2.55408592725312,0.330107031449444,0.0
4.48994856788964,16.345380224128007,0.285960224415702,2.1268158362964,-0.0585975734992924,1.0
6.77105810474415,18.139634071611,0.286088164097333,2.12860357726275,0.660343785204528,0.0
0.988270488307848,18.62666038569205,0.196076782629436,1.66140727139097,2.09816322908809,0.0
6.05982455541058,14.11198758717103,0.256417788838953,1.04702029262336,2.93838456803496,0.0
3.89113580538622,6.516211077809999,0.290682361755922,0.913535633802854,2.50078021309356,0.0
1.70696051840056,-0.17174023103495983,0.277109124622825,1.35808722076758,1.46323594942624,0.0
5.53729732682762,-1.7489718925359625,0.313595195648125,2.09880789449031,1.08080887198618,0.0
3.63130612970226,-9.118556264393987,0.32134136182691,2.43073180057524,1.06662295608947,0.0
2.20883903103513,-5.9100921157729545,0.293113215706922,1.89381359701596,1.06157842720382,0.0
3.69267870210443,-3.809154334108996,0.293799437635674,1.55473872706565,0.957955362202493,0.0
3.53838690793449,3.1406500348170425,0.313257900123824,2.1989213886057,0.129598328870264,0.0
3.24242197934084,9.248856630876048,0.293031799545884,2.62440373859607,-0.265138454175559,1.0
2.24095925584374,17.21856338556603,0.205753674912843,1.58691806445988,-0.234907509523919,1.0
2.53118843000728,19.353124322804035,0.189830999989785,0.730590141580105,-0.0574492229656001,1.0
4.04944262765724,17.814610234389022,0.209510449200753,0.392707098940692,0.0253854125122001,0.0
2.46063865051693,13.397750252085018,0.262163443632226,0.282463072682683,-0.243095164888776,1.0
1.16321099842619,6.701647875222022,0.244531029327363,0.23836546217948,-0.439376494346291,1.0
4.45553404130898,-0.14728702698096185,0.292415362898023,0.430845572889409,-0.390405692427896,1.0
2.06773947205444,-5.645182405184983,0.269304804043298,0.522616275828509,-0.531077726566211,1.0
4.70331863268971,-6.246323671518951,0.295892996062372,0.59531774179325,-0.705663080888377,1.0
3.55157914312374,-3.2803537964349516,0.292392101137726,0.690663926665041,-0.946760918213448,1.0
3.61811389451301,-0.7708437303649589,0.311082925536087,2.23705986255441,-0.167283088413194,1.0
2.52889412823524,6.208508260127019,0.284738982000127,5.48717293937161,1.23147779488654,0.0
3.97086279196474,13.958136178329028,0.253998565768101,2.23944351717621,0.94019818542305,0.0
8.58298292921571,15.52925453881602,0.283924820389745,1.86520974155443,0.745647206413816,0.0
4.1997193937261,19.318482283727008,0.267246138257045,2.43013588691979,0.563715257684344,0.0
2.9676793421386,19.354143206307015,0.198472743939991,1.30087950984451,1.93030008256588,0.0
2.08265243357272,14.731468756546008,0.229457408655132,0.696027149564078,2.65931017582354,0.0
5.96977321085787,7.875401669826999,0.284378424715529,0.972531085692275,1.98134649542658,0.0
2.20654472926309,1.7070809471350117,0.286309150820151,1.05297942917785,1.11236312127085,0.0
1.74883152574036,-2.792308598852003,0.289344810538865,1.19480687917464,0.636617519809029,0.0
4.61785589168108,-8.970818156566963,0.305767613308301,1.54877959051116,0.396312558688724,0.0
2.03906069990389,-4.983927012216952,0.295904626942521,2.09821198083486,0.538057186401179,0.0
5.243053124563,-0.2766852317679991,0.320527200216527,2.91640142976593,1.22692538582615,0.0
0.621755780223859,5.512610828082018,0.262012242190298,3.55700860937328,1.28626448413113,0.0
2.82657978315791,13.375334815035046,0.220129442776175,1.79310418924513,0.413451945463023,0.0
1.70523979207152,18.88341902826204,0.172791760572487,0.797332470990359,-0.329460969475257,1.0
1.59453973157041,21.028168800521996,0.157694878139959,0.423694609024024,-1.02810672448604,1.0
2.2753737824244,18.791719513058013,0.16915129508606,0.249687821633003,-1.25940171799418,1.0
7.50924969989923,16.713197168444026,0.222048538000649,0.417735472469538,-0.745324190937524,1.0
2.89139380821815,6.388850640027044,0.292415362898023,0.376021516588127,-0.212099385591383,1.0
3.20800745276019,3.6225819313870034,0.296020935744004,0.902213274349327,0.37012391023379,0.0
1.81020409814253,-3.175408795701969,0.297916769208181,1.31220186929803,0.347780383137998,0.0
3.20628672643116,-9.417089130556974,0.310699106491192,1.18169677875477,0.241568621937532,0.0
2.35452719355991,-6.477610226531965,0.28041229458495,1.07026092518586,0.0251881763973575,0.0
3.05084778137519,0.23683205337204072,0.328133795833533,1.66617458063456,0.0506236989748436,0.0
5.74493163719758,4.5619925204720175,0.312513523794331,6.71415915594048,1.58218584717582,0.0
3.17359292617953,10.76393639873902,0.282761732374912,3.67559542680757,1.51454594910637,0.0
2.55986720215783,16.61538435222701,0.191819880495148,1.59824042391341,1.34944309653778,0.0
2.72390977885895,18.40556266570104,0.193587774277694,0.606640101246773,0.3222731635486,0.0
1.02612646754657,18.985307378488017,0.137480408442168,0.290209950203516,-0.163346283221985,1.0
2.35739507077496,13.76760496340603,0.19222696130034,0.179370010290059,-0.771454053607924,1.0
2.78470877581811,7.66856831886804,0.237982843803856,0.137060140753199,-1.0835790165975,1.0
2.34248210925668,2.470224690329019,0.284890183442056,0.123950040333328,-1.2196161067788,1.0
4.15612766005727,-7.777705575417997,0.303243712316115,0.728802400613758,-0.71258499158178,1.0
1.1064270295681,-9.068630972783978,0.262070396591039,0.221083966171466,-1.07801682626945,1.0
2.55986720215783,-7.485286010268965,0.253800840805579,0.26101018108653,-1.43711346130172,1.0
5.29868994253506,-3.077595979484954,0.250346469401526,0.26101018108653,-2.68105799977497,1.0
0.751383830344333,3.826358631839014,0.318305702108197,1.01841643716183,-2.63029327101201,1.0
1.18041826171652,12.726306024095038,0.219931717813653,2.58090204174831,-1.42912332264314,1.0
3.0250368864397,18.703076648361048,0.215663184799217,1.24724728085412,-0.843296222242371,1.0
2.76176575809768,18.669453492787,0.192913183229091,0.554795613222737,-0.307197926134686,1.0
0.650434552374405,20.863109673156032,0.118254563556984,0.286038554615373,-0.552977786566185,1.0
3.46783712844414,15.35808211043701,0.186923279952703,0.202014729197109,-0.830908520688104,1.0
1.41501061790799,8.858624249510001,0.246287292229761,0.165663996214739,-0.971763935357493,1.0
2.10387472496413,3.34340785176704,0.275294707319686,0.154341636761212,-1.05150931265525,1.0
2.044796454334,-1.8162182036849686,0.28590207001496,0.158513032349355,-1.34204920621838,1.0
2.39008887102659,-4.955398274152969,0.271061066945696,0.187116887810892,-1.75085965308838,1.0
2.80765179353855,-5.440386821229993,0.292136221774463,0.295573173102553,-2.11672550182874,1.0
3.00381459504829,-2.188110682010972,0.31349051772679,0.940351748298044,-1.76165571256486,1.0
4.60236935471978,5.288456457585028,0.30605838531201,2.59579988313453,-0.810362277351545,1.0
3.2980587973129,10.247362463092031,0.276946292300749,2.69293380897266,-0.324149922460419,1.0
3.28429298668064,15.753408909314032,0.242344423859478,1.4856127430336,-0.108139866517316,1.0
1.91516840421353,20.413782048659016,0.164312848944357,0.707349509017605,-0.0815890762649731,1.0
0.604548516933531,21.13107603425101,0.114835084793377,0.331923906084924,-0.136569215637195,1.0
3.52462109730223,16.00507313437305,0.204625479538456,0.232406325624993,-0.446599377418171,1.0
2.81510827429769,6.382737339014,0.276550842375706,0.190692369743582,-0.749149680575956,1.0
3.91407882310666,0.19403894627703266,0.301091999488674,0.244324598733966,-0.794587134945193,1.0
2.53118843000728,-5.501519831365954,0.294636861006353,0.505334779820496,-0.761037604006292,1.0
1.12133999108639,-12.062110702427958,0.277306849585347,0.629284820153824,-0.827854818593173,1.0
2.80363676543748,-9.622903598013977,0.265129318070049,0.619750201666644,-0.985918881050119,1.0
2.4434313872266,-3.245711757357981,0.299114749863459,0.755022601453499,-1.2091528648932,1.0
1.82339633333178,3.3077469291879993,0.28305250437862,1.7621166791618,-1.25216746555034,1.0
2.62468122721806,10.836277127399,0.264687344624413,1.43078868673232,-1.38083337613463,1.0
2.78298804948908,17.05248537469805,0.234412163598319,0.936776266365354,-1.16853216973072,1.0
2.32699557229538,19.703620247582023,0.202811062235317,0.539897771836519,-1.09323087526665,1.0
2.84780207454932,19.33885995377301,0.233981821032831,0.385556135075307,-0.792085829803229,1.0
3.23840695123977,15.169588662518038,0.230085476183142,0.2973609140689,-0.524402713432134,1.0
5.7776254374492,7.358827734180011,0.301429295012976,0.379596998520821,-0.180391844274879,1.0
3.70242948463562,2.3846384761390027,0.300696549563631,1.33723024282688,0.625903294201279,0.0
6.58235178399355,-4.532561620715001,0.314676867501919,4.00751933289249,1.51673564152675,0.0
0.703777068574423,-13.85636454991095,0.273387242975361,3.40564654088931,1.77084802866288,0.0
1.64214649334032,-6.870899258404961,0.252591229270153,1.76986355668263,1.80487496996947,0.0
1.25096804120686,-1.032696790445982,0.294253041961458,1.07979554367304,1.10814688349433,0.0
4.01330737474755,5.300683059612027,0.291577939527343,0.90996015187016,-0.853485391297391,1.0
3.52462109730223,11.818480823580046,0.270339952376499,0.858115663846123,-2.05362755633784,1.0
1.01063993058528,15.571028762409014,0.169162925966209,0.637031697674657,-2.16120772232134,1.0
3.86073630690664,18.73975645444301,0.22593325197019,0.415947731503191,-1.80364986312766,1.0
5.11916082887264,18.420845918235045,0.261535376104216,0.376021516588127,-1.31414705490584,1.0
2.43023915203735,14.508333269550008,0.257336628370671,0.306895532556081,-0.731834185114767,1.0
2.14746645863296,7.902911524388003,0.243181847230157,0.207973865751596,-0.481225132711582,1.0
4.01904312917766,1.9128954145920147,0.282098772206457,0.364103243479155,-0.484645308436923,1.0
3.58197864160332,-6.319683283681968,0.304104397447091,0.808654830443883,-0.380233925291237,1.0
2.22203126622438,-9.91124762915399,0.316421499524168,1.13938690921791,-0.250942296049798,1.0
2.83059481125899,-5.945753038351995,0.300208052597401,1.14892152770509,-0.193265011620489,1.0
3.84697049627438,-2.7454399577479762,0.285913700895108,1.18229269241022,-0.197425507985644,1.0
7.14273499181524,5.835596898299002,0.307233104206991,4.19999944360242,0.513939000790787,0.0
6.29040188350098,9.25293216488501,0.303441437278636,4.79710492636202,1.00282749153568,0.0
3.51314958844201,18.13657742110405,0.259174307434106,3.59753073794379,1.48970797619722,0.0
3.56878640641407,20.240571853274048,0.227014923823984,1.54282045395668,1.61588087947612,0.0
3.76896423602489,19.54671218823404,0.203194881280212,0.721055523092925,2.06956180802586,0.0
2.72161547708691,15.911335852164996,0.259057998632623,0.454086205451908,1.27895126181304,0.0
11.0585345412509,8.780170219835043,0.303127403514631,2.63989749363773,2.64327946863962,0.0
4.89603998154138,2.3214676989990153,0.298323850013373,4.0492332887739,3.10183966331166,0.0
3.5286361254033,-5.395555947129992,0.294997418290951,2.99267837766336,2.50726957334428,0.0
3.99208508335614,-4.025157636588972,0.321248314785724,2.69531746359446,1.97961110170337,0.0
2.15893796749318,-6.227983768477998,0.317096090572771,2.67207683103196,1.59997747092581,0.0
1.06799747488637,-0.4111778540669775,0.295788318141037,1.89381359701596,1.48334487798495,0.0
2.21055975736416,6.863650352081038,0.25838340758402,1.26095329492944,0.210677416100948,0.0
5.63251085036743,12.373772332312,0.283761988067668,0.965380121826891,-1.28804836193957,1.0
7.4765558996476,17.683174262598016,0.277818608311873,1.68047650836533,-1.2776526559026,1.0
3.984628602597,21.21156783093005,0.259662804400336,1.4403233052195,-0.448678885127388,1.0
2.66827296088689,17.36018819238103,0.243379572192679,0.770516356495166,0.91525740364644,0.0
1.89566683915116,14.030476906990032,0.234633150321138,0.519040793895815,1.29026198683886,0.0
7.78743378975953,7.806117591673001,0.292206007055353,0.850964699980739,1.20573074520127,0.0
3.57222785907214,4.31236606241805,0.296172137185932,2.87826295581721,1.93828433368848,0.0
2.36714585330615,-0.8890342166269534,0.288007259321807,2.75431291548388,1.73338935695095,0.0
2.044796454334,-7.327359067418968,0.283506108704405,1.75258206067462,1.45653862548343,0.0
1.92147773408665,-10.488954574935974,0.245845318784124,1.28359801383649,0.863382049094835,0.0
3.54756411502266,-2.581399713883968,0.29403205523864,1.17871721047752,0.204784434767965,0.0
7.19263605535719,3.201783044953004,0.302813369750627,2.0141881554166,-0.447492611560711,1.0
3.18907946314083,12.225015340981997,0.255231439063824,2.68578284510728,-0.466816974289729,1.0
3.36860857680325,16.930219354426015,0.245903473184866,1.5088533755961,-0.307135553366373,1.0
3.44489411072371,18.704095531864027,0.22871303232564,0.83725868590542,-0.0190536565330365,1.0
2.21457478546524,18.805983882090004,0.180642604672607,0.459449428350946,0.105824592139375,0.0
1.57561174195105,15.085021331830035,0.206137493957738,0.286038554615373,0.0063066412013186,0.0
4.22266241144654,10.354345230830006,0.251777067659771,0.27829167709454,-0.245213034897575,1.0
5.70478135618681,0.5791769101320483,0.30591881475023,0.554795613222737,-0.190971352627444,1.0
4.31041945422721,-6.618216149843988,0.28048207986584,1.02020417812817,-0.0576498889274241,1.0
2.06946019838347,-6.744557704124986,0.293845961156267,1.1197217585881,-0.0620091822791536,1.0
4.95913328027259,-6.363495274278989,0.296753681193348,1.27585113631566,-0.0419732980706712,1.0
4.18480643220782,-3.03378398888799,0.295660378459406,1.5809589279054,0.0815623153686062,0.0
4.38039565827455,5.504459760064037,0.31668900976758,2.68637875876273,0.0816674787889839,0.0
1.15747524399608,11.391568636132035,0.209684912402978,4.32990862049024,0.521326659405807,0.0
4.11597737904651,17.010711151105,0.227096339985022,1.36166270270028,0.401494908743099,0.0
4.09877011575618,20.431103068197046,0.222478880566137,0.640607179607351,0.49072646153717,0.0
4.9648690347027,17.433547804543025,0.267315923537935,0.741912501033629,0.0542557838496831,0.0
5.16676759064255,14.311688753614021,0.248113340413048,0.806867089477536,0.741270319420658,0.0
2.81912330239877,7.408753025791043,0.284913445202352,0.743700241999976,1.36059994299693,0.0
4.89431925521235,2.211428280755001,0.30181311405787,1.29134489135733,1.18674619134816,0.0
4.32189096308743,-5.579973861040003,0.31140859018024,2.71319487325792,1.21011376575336,0.0
2.30405255457495,-12.127319246572995,0.27527144555939,2.14946055520346,1.14022171620106,0.0
3.15753281377523,-6.281984594097992,0.278830494884778,1.52494304429322,1.05072410251986,0.0
2.29258104571473,-2.2166394200739887,0.310338549206594,1.28717349576919,0.563133622233605,0.0
3.8377932891862,6.785196322407046,0.282691947094022,4.2131095440223,0.71396812960414,0.0
3.49823662692372,11.867387231688042,0.247310809682813,2.1989213886057,0.221561111731563,0.0
5.98927477592024,15.224608371640045,0.270630724380208,0.972531085692275,0.094413213100786,0.0
6.52499423969245,17.52422843624504,0.305453579544297,0.949886366785224,-0.431558506760626,1.0
2.97570939834076,19.199272913963,0.268479011552767,1.02616331468266,0.223130235408734,0.0
1.03186222197668,13.590319234013009,0.19430888884689,0.786010111536832,1.3206438587521,0.0
3.97889284816689,5.923220879494011,0.292264161456095,0.694239408597731,1.56795268788969,0.0
2.90860107150848,3.8660950884280396,0.288065413722549,0.8700339369551,0.868808332622826,0.0
4.05116335398627,-4.837207787890975,0.285076277524429,1.60002816487976,0.612522208238583,0.0
3.11852968365048,-5.848959105636993,0.280330878423912,1.59049354639258,0.492488844770198,0.0
3.60492165932376,-4.110743850778988,0.281296241476223,1.60956278336693,0.522831497992974,0.0
4.45381331497995,1.9699528907190142,0.308233359899747,1.7376842192884,0.552265234101671,0.0
2.50423038418576,8.244237497645997,0.282936195577137,3.14165679152554,0.496350873448402,0.0
1.30258983107785,13.934701857777043,0.214511727664533,1.76628807474994,-0.161449191260383,1.0
3.90432804057547,16.81610440217304,0.232714055096664,0.818189448931063,-0.486948190237051,1.0
2.39754535178573,21.74953832012403,0.190296235195718,0.425482349990371,-1.03062283081081,1.0
2.22604629432546,19.835056219373996,0.159183630798945,0.228830843692299,-1.25708010057342,1.0
4.43431174991758,15.229702789152043,0.25518491554323,0.198439247264415,-1.19769928904288,1.0
5.75066739162769,7.931440262452043,0.299882387953248,0.419523213435882,-0.56487277800276,1.0
4.32189096308743,1.962820706203047,0.30216204046232,1.03569793316984,0.333791220615246,0.0
5.18397485393288,-3.84481525668798,0.297777198646401,2.80734923081882,1.04260185983863,0.0
1.90943264978342,-8.192391160838952,0.274422391308562,2.45695200141498,1.17970591559261,0.0
3.43801120540757,-7.598382079019984,0.255557103707977,1.43078868673232,1.14283512961078,0.0
4.08156285246585,-2.1290154388800033,0.302313241904248,1.62028922916501,0.803437918921033,0.0
5.30270497063614,4.605804511070005,0.315316565910077,3.08921638984605,0.348469088468745,0.0
3.61811389451301,11.789952085516006,0.292927121624549,3.28825155076591,0.323671537946224,0.0
2.34993859001582,16.478853962924006,0.212569370679763,1.81217342621949,0.345216790741337,0.0
1.54865369612954,21.76991599016901,0.156403850443495,0.759193997041642,0.314291293995783,0.0
5.71625286504703,19.143234321338014,0.226003037251079,0.411776335915048,0.250908213485471,0.0
3.5074138340119,15.637256190056007,0.27013059653383,0.27471619516185,-0.185057999525873,1.0
4.04370687322713,9.246818863870999,0.295125357972583,0.345034006504794,-0.232117044440219,1.0
2.67572944164603,4.3194982469340175,0.285134431925171,0.53572637624838,-0.15044105637509,1.0
2.99635811428915,-2.1167888368530043,0.302173671342469,0.88314403737497,-0.113892552887071,1.0
2.6264019535471,-6.464364741002953,0.316037680479274,1.21566385711534,-0.0904565975463607,1.0
1.26071882373805,-5.055248857374977,0.289577428141831,1.13223594535252,-0.128405794678662,1.0
1.834867842192,2.0208970658320027,0.291240644003042,1.10422800354644,-0.208117247264603,1.0
3.68120719324421,6.815762827474998,0.244589183728105,1.15368883694868,-1.08391486237543,1.0
3.34337125731077,12.90562952049305,0.2800633681805,1.29134489135733,-1.60711843108459,1.0
6.95632297283668,16.285266097495025,0.279074743367893,1.61552191992142,-1.20192468097101,1.0
1.72818280979196,20.543180253445996,0.206672514444561,1.20374558400637,-0.436771059932478,1.0
3.55157914312374,20.198797629680996,0.213453317571035,0.705561768051258,0.660879479526607,0.0
4.19398363929599,13.875606614646017,0.24948578427055,0.471367701459918,0.944670563608857,0.0
5.42086151189639,9.556559448559028,0.304034612166201,0.484477801879792,0.665404465317425,0.0
0.942384452866974,0.7860102610910076,0.275538955802801,1.53924497202399,0.966547602973454,0.0
5.28549770734581,-3.4902437979009733,0.293217893628257,1.42304180921149,0.731335911280608,0.0
1.32553284879828,-7.873480624630986,0.281866154603491,1.36404635732207,0.585246188717795,0.0
3.22922974415159,-5.9223187177999534,0.291589570407492,1.35987496173393,0.272148119115609,0.0
2.17843953255555,-0.43155552411195686,0.300394146679775,1.49753101614258,0.208106595455216,0.0
1.45917592701983,4.910450678246036,0.276539211495557,1.65008491193745,-0.430979370367105,1.0
4.7761627139521,12.242336360520028,0.249264797547732,1.24545953988778,-1.1464151637426,1.0
4.57770561067031,16.95772920898702,0.254801096498335,0.94631088485253,-1.31027743730906,1.0
3.74602121830445,20.890619527717035,0.253207665918015,0.865862541366957,-1.00201161310917,1.0
4.07410637170671,18.303674315475007,0.25546405666679,0.631072561120171,-0.21045734831059,1.0
4.49166929421867,14.245461325967028,0.289368072299161,0.592934087171454,0.630841621448589,0.0
1.1482980369079,8.793415705365021,0.250939644289091,0.627497079187477,0.89050631576219,0.0
3.22922974415159,0.6769897263490066,0.289275025257975,0.646566316161837,0.511170541112922,0.0
3.52462109730223,-7.077732609363977,0.287890950520324,0.816401707964716,0.0831048123615902,0.0
2.49505317709759,-9.40180587802297,0.303104141754335,1.35987496173393,-0.0028641886249309,1.0
3.08239443074079,-7.50872033082095,0.271712396234002,1.59824042391341,0.117247016417804,0.0
3.65826417552378,-5.676767793755005,0.269339696683743,1.25499415837496,0.203877794006642,0.0
2.71243826999874,4.587464608028995,0.308058896697522,2.17627666969865,-0.16368103064657,1.0
4.04714832588519,11.857198396666035,0.283901558629448,2.40927890897909,-0.482690704591409,1.0
5.18798988203395,17.293960764734038,0.244705492529588,1.69775800437334,-0.28024165235495,1.0
4.81057724053275,20.08468267742802,0.253009940955493,0.871821677921446,-0.0416277610869328,1.0
2.84550777277727,18.134539654099,0.243356310432382,0.576248504818889,0.37886444338737,0.0
0.906249199957285,14.187384966338016,0.192064128978263,0.400453976461525,0.347869932617867,0.0
6.17970182299987,9.971245033979017,0.27805122591484,0.476730924358959,0.398921637331788,0.0
3.09386593960101,0.8430677372170408,0.28597185529585,0.842025995149012,0.389826185301587,0.0
4.9229980273629,-3.3099014180010045,0.31015245512422,1.35808722076758,0.389966159477168,0.0
3.16040069099028,-10.642805983777976,0.305465210424445,1.6727296308445,0.424543365534127,0.0
1.48269252018328,-13.692324306046999,0.267827682264461,1.43793965059771,0.398687269726889,0.0
1.68631180245216,-4.35731365832595,0.263407947808097,1.09469338505926,0.199946054515262,0.0
3.25217276187203,4.414254412644027,0.313013651640709,1.17692946951118,-0.883758824727788,1.0
1.72244705536185,14.25870681149604,0.21939669732683,1.44747426908489,-1.5086308296649,1.0
4.50142007674986,15.121701137911998,0.268176608668911,0.90996015187016,-1.47024628526186,1.0
1.64960297409946,19.544674421230013,0.182375605814707,0.507122520786843,-1.11989981795743,1.0
2.79790101100737,20.1621178236,0.201217631654996,0.293785432136207,-0.963785599498037,1.0
4.81401869319082,17.401962415973003,0.200461624445355,0.423694609024024,-0.521519075231463,1.0
2.69293670493636,6.805573992452025,0.279074743367893,0.206186124785249,-0.420885504941881,1.0
1.56586095941987,3.486051542083999,0.28117993267474,0.268757058607363,-0.458632254067554,1.0
4.35802621599712,0.13188705263900147,0.30195268461965,0.557179267844533,-0.672506513980554,1.0
2.64532994316646,-6.354325322758996,0.281214825315185,1.50468198000796,-0.241343964368642,1.0
4.54730611219073,-5.00838021627095,0.312594939955369,2.33061830645986,0.369253135073751,0.0
2.44515211355564,0.17264239272901705,0.312641463475962,2.37829139889575,1.09177765484143,0.0
3.07665867631068,4.90128072672502,0.282831517655802,2.17985215163134,0.659661101590419,0.0
1.95531868522429,12.620342139860043,0.234574995920396,1.60241181950155,-0.351616182354943,1.0
2.88795235556008,16.978106879031998,0.188086367967536,0.862287059434266,-0.931353751170252,1.0
1.42304067411014,20.933412634812044,0.159707020405619,0.411776335915048,-1.11246374291166,1.0
2.62066619911698,20.753070254912018,0.161823840592615,0.232406325624993,-1.21334182395374,1.0
1.61920347561988,15.910316968662016,0.19416931828511,0.139443795374995,-1.34538353620349,1.0
3.18907946314083,8.742471530252033,0.241541893129243,0.129909176887814,-1.35701599303113,1.0
3.24987846009999,3.4585416875229953,0.285006492243539,0.146594759240379,-1.27438589489483,1.0
3.97086279196474,-5.687975512279991,0.286983741868754,0.182945492222749,-1.37400216533994,1.0
3.23840695123977,-5.208081382713999,0.295427760856439,0.328944337807682,-1.52264068397577,1.0
3.06920219555154,-5.23457235377299,0.291240644003042,0.540493685491968,-1.59649779518256,1.0
2.86500933783965,-4.45003205703199,0.298475051455301,1.1232972405208,-1.21874115508065,1.0
3.99610011145722,6.330774280398998,0.313316054524565,2.34015292494704,-0.709580227162931,1.0
4.76239690331984,11.195943003698005,0.294322827242348,2.98493150014253,-0.23760832677016,1.0
3.61639316818398,17.353056007865007,0.242042020975621,2.03325739239096,0.0859451204776887,0.0
1.68401750068012,19.476409226578028,0.196076782629436,0.917707029390993,0.343391391427194,0.0
1.42877642854025,18.520696501456996,0.156903978289873,0.440380191376589,0.56393768422858,0.0
2.2965960738158,16.86297304327701,0.196716481037594,0.266969317641017,0.0631191962950054,0.0
5.4265972663265,12.259657380059025,0.225060935959065,0.322389287597744,-0.23513323989242,1.0
2.13828925154478,1.1945825454980081,0.296765312073497,0.2973609140689,-0.47434953227162,1.0
3.20055097200105,-7.9988032954090045,0.283296752861735,0.501759297887802,-0.591566125990264,1.0
3.26823287427634,-8.834287767262992,0.290054294227913,0.976702481280414,-0.55645048548405,1.0
2.95735498416441,-4.2177266185159965,0.305721089787708,1.3974175220272,-0.304531393572783,1.0
3.12426543808059,-0.6220867390349554,0.282808255895505,1.67570919912174,0.119966192387205,0.0
4.2570769380272,3.377031007341998,0.31043159624778,2.01240041445025,-0.136131247429698,1.0
1.13682652804768,13.910248653723045,0.225142352120103,2.27936973209127,-0.430130366716833,1.0
3.35484276617099,16.978106879031998,0.183666633511172,1.0547671701442,-0.635766917950938,1.0
3.75003624640553,21.506025163082995,0.191238336487732,0.484477801879792,-0.582392573053871,1.0
3.13573694694081,20.595143312060998,0.250230160600043,0.316430151043257,-0.799317190545937,1.0
1.46892670955102,15.77786211336803,0.199566046673934,0.217508484238776,-0.875281167175951,1.0
3.26938002516236,6.366435202978039,0.27770229951039,0.202014729197109,-0.789377825532281,1.0
6.0976805346493,-1.2650022289619756,0.300382515799626,0.476730924358959,-0.461763979328335,1.0
3.1512234839021,-6.19334172940097,0.290612576475032,0.793161075402216,-0.312596150397541,1.0
4.93791098888118,-9.171538206511968,0.284657565839089,1.58513032349354,0.0117030128294278,0.0
3.04797990416013,-7.198979746134,0.28347121606396,1.36583409828842,0.104163409778864,0.0
2.30577328090398,-2.9471788911959607,0.28104036211296,1.28717349576919,0.216547537685357,0.0
4.93446953622312,4.233912032744001,0.325784358043571,3.77272935264571,0.469951311399893,0.0
3.78617149931522,9.867318916749014,0.297125869358095,5.08314348097739,0.992334765027936,0.0
4.69987718003164,16.398362166246045,0.25345191440113,1.89977273357045,1.0497925021461,0.0
1.65533872852957,22.16829943955304,0.168848892202204,0.745487982966322,0.966172001822239,0.0
4.31271375599926,19.268556992117,0.222281155603615,0.392707098940692,0.294534636242906,0.0
2.34420283558571,14.186366082836003,0.252707538071637,0.244324598733966,-0.277393759565063,1.0
5.17823909950277,8.902436240107022,0.287658332917357,0.36648689810095,-0.279786196182659,1.0
3.18506443503975,-0.33068605738799306,0.292857336343659,0.449914809863766,-0.258024300764263,1.0
4.0683706172766,-3.9742134614749602,0.293636605313597,1.19599870648554,0.0380344406978515,0.0
2.54036563709545,-5.192798130179995,0.293648236193745,1.56129377727559,0.164320318208483,0.0
3.03650839529992,-5.181590411655975,0.282598900052835,1.51421659849514,0.321870582216773,0.0
2.5426599388675,-0.25732644522497594,0.311978503307508,1.45164566467303,0.359377555304127,0.0
5.16676759064255,4.413235529142014,0.288844682692487,2.723921319056,0.148876191329743,0.0
2.18016025888458,12.111919272231034,0.224200250828089,2.09046510331403,-0.309426825540975,1.0
2.24325355761579,18.083595478986012,0.153565915687303,0.881356296408623,-0.498610050318094,1.0
3.60090663122268,21.021036616006995,0.24962535483233,0.495800161333316,-0.76795411986932,1.0
1.51423916954888,19.370445342343032,0.167953314430783,0.309279187177873,-0.992479868726951,1.0
1.07373322931648,15.089096865838997,0.143737821961967,0.209761606717943,-0.88183665909948,1.0
4.30124224713904,7.582982104678024,0.272247416720825,0.230618584658646,-0.76039136435532,1.0
3.11279392922037,3.195669743940016,0.285146062805319,0.247900080666656,-0.761156460450616,1.0
5.63824660479754,-2.2940745662459676,0.295369606455698,1.07741188905125,-0.252808363341544,1.0
1.89394611282212,-5.432235753211955,0.28020293874228,1.7621166791618,0.11374439519615,0.0
2.78356162493209,-6.264663574559961,0.262989236122757,1.40278074492623,0.310300460172619,0.0
1.06742389944336,-0.790202516907982,0.296997929676463,1.04880803358971,0.204180036049843,0.0
3.35885779427206,7.085766955574002,0.279737703536347,0.927241647878174,-1.09124599246536,1.0
1.95130365712322,12.821062189805048,0.23121367155753,0.808654830443883,-2.09757883920688,1.0
1.00891920425624,20.08875821143704,0.152868062878404,0.53572637624838,-2.25763039374798,1.0
7.28612885256797,18.23540912082302,0.26457103582293,0.795544730024012,-1.62040242018891,1.0
2.60919469025677,20.565595690496025,0.24955556955144,0.249687821633003,-1.11979734842958,1.0
5.14783960102319,15.89197706562203,0.27499230443583,0.257434699153836,-0.398314447043369,1.0
3.80682021526361,10.37370401737303,0.277155648143419,0.331923906084924,-0.579876610552989,1.0
2.55585217405675,2.1828995426910183,0.296055828384449,0.592934087171454,-0.12109839074642,1.0
2.67572944164603,-3.282391563440001,0.289856569265391,0.979682049557659,-0.0262383290127218,1.0
2.18474886242867,-10.96579205399496,0.289042407655008,1.09469338505926,-0.0749110758486718,1.0
3.87392854209589,-6.124057651247995,0.305802505948746,1.22460256194707,-0.0962406106195895,1.0
2.53405630722233,-0.747409409812974,0.309977991921996,2.07020403902878,0.292128250438805,0.0
4.18308570587879,6.047524666770016,0.297253809039727,2.33061830645986,0.119513927156519,0.0
1.46663240777897,13.535299524890036,0.230957792194267,1.80442654869866,-0.333680088952822,1.0
2.20654472926309,16.692819498399047,0.200159221561498,0.978490222246761,-0.730738696723554,1.0
1.91860985687159,21.56512040621402,0.151972485106982,0.463620823939085,-0.891613867610935,1.0
2.40156037988681,20.765296856939017,0.173664076583611,0.24194094411217,-0.995294781226859,1.0
3.44489411072371,14.330028656655031,0.242611934102889,0.221083966171466,-1.04890534386061,1.0
4.67291913421013,9.44855779731904,0.269339696683743,0.26101018108653,-0.814892161984366,1.0
3.32042823959033,4.026059798283029,0.281831261963046,0.2973609140689,-0.622967520871301,1.0
4.67463986053916,-2.037315923675976,0.299847495312803,0.932008957121762,-0.299251162984749,1.0
